id,book,narrator,narrator_type,needs_review,review_reason,start_line,end_line,word_count,first_20_words
1,1 Nephi,Nephi,first-person,False,,180,289,1000,"I, Nephi, having been born of goodly parents, therefore I was taught somewhat in all the learning of my father;"
2,1 Nephi,Nephi,first-person,False,,289,402,1000,"that he was obedient unto the word of the Lord, wherefore he did as the Lord commanded him. And it"
3,1 Nephi,Nephi,first-person,False,,402,508,1000,"them that they may accomplish the thing which he commandeth them. And it came to pass that when my father"
4,1 Nephi,Nephi,first-person,False,,508,616,1000,"us go up; the Lord is able to deliver us, even as our fathers, and to destroy Laban, even as"
5,1 Nephi,Nephi,first-person,False,,616,727,1000,"Zoram was the name of the servant; and he promised that he would go down into the wilderness unto our"
6,1 Nephi,Nephi,first-person,False,,727,831,1000,"mine intent is that I may persuade men to come unto the God of Abraham, and the God of Isaac,"
7,1 Nephi,Nephi,first-person,False,,831,932,1000,"after that they had done praying unto the Lord, we did again travel on our journey toward the tent of"
8,1 Nephi,Nephi,first-person,False,,932,1045,1000,"of my father. But to be short in writing: Behold, he saw other multitudes pressing forward; and they came and"
9,1 Nephi,Nephi,first-person,False,,1046,1152,1000,"make himself manifest, by the Holy Ghost, unto the Gentiles. Yea, even my father spake much concerning the Gentiles, and"
10,1 Nephi,Nephi,first-person,False,,1153,1264,1000,"most beautiful and fair above all other virgins. And he saith unto me, Knowest thou condescention of God? And I"
11,1 Nephi,Nephi,first-person,False,,1264,1377,1000,"they were 'burned with fire; And I saw many, that they did tumble to earth, because of the quaking thereof."
12,1 Nephi,Nephi,first-person,False,,1377,1480,1000,"I beheld the spirit of God, that it wrought upon other Gentiles; and they went forth out of captivity, upon"
13,1 Nephi,Nephi,first-person,False,,1480,1582,1000,"the most plain and precious parts of the Gospel of the Lamb which hath been kept back, by that abominable"
14,1 Nephi,Nephi,first-person,False,,1582,1694,1000,"Remember thou the covenants of the Father unto the House of Israel? I saith unto ,jhim, yea. And it came"
15,1 Nephi,Nephi,first-person,False,,1694,1793,1000,"knew they must unavoidably come to pass, because of the great wickedness of the children of men. And it came"
16,1 Nephi,Nephi,first-person,False,,1793,1904,1000,"was prepared for the wicked. And I said unto them, that our father also saw, that the justice of God"
17,1 Nephi,Nephi,first-person,False,,1904,2013,1000,"the space of many days, we did pitch our tents, for the space of a time, that we might again"
18,1 Nephi,Nephi,first-person,False,,2014,2119,1000,"Lord did bless us again with food, that we did not perish. And it came to pass that we did"
19,1 Nephi,Nephi,first-person,False,,2119,2217,1000,"would hearken unto his words ; yea, and our brother is like unto him. And after this manner of language"
20,1 Nephi,Nephi,first-person,False,,2218,2328,1000,"made smooth, and smooth places shall be broken up. 0, then, why is it, that ye can be so hard"
21,1 Nephi,Nephi,first-person,False,,2328,2439,1000,"me, saying: We will not that our younger brother shall be aruler over us. And it came to pass that"
22,1 Nephi,Nephi,first-person,False,,2439,2543,1000,"people. And this I have done, and commanded my people that they should do, after that I was gone, and"
23,1 Nephi,Nephi,first-person,False,,2543,2646,1000,"been broken off; hear ye the words of the prophet, which was written unto all the House of Israel, and"
24,1 Nephi,Nephi,first-person,False,,2646,2754,1000,"saith the Lord, the Redeemer of Israel, his Holy One, to him whom man despiseth, to him whom the nations"
25,1 Nephi,Nephi,first-person,False,,2755,2849,1000,"their children shall be carried in their arms, and their daughters shall be carried upon their shoulders, behold, these things"
26,2 Nephi,Nephi,first-person,True,Spans 1 Nephi/2 Nephi boundary,2850,2960,1000,"he shall feed his sheep, and in him they shall find pasture. - And because of the righteousness of his"
27,2 Nephi,Nephi,first-person,False,,2960,3054,1000,"I am encircled about eternally in the arms of his love. And I desire that ye should remember to observe"
28,2 Nephi,Nephi,first-person,False,,3054,3154,1000,"law, they perish from that which is good, and become miserable forever. Wherefore, redemption cometh in and through the Holy"
29,2 Nephi,Nephi,first-person,False,,3154,3257,1000,"the fall. And because that they are redeemed from the fall, they have become free forever, knowing good from evil;"
30,2 Nephi,Nephi,first-person,False,,3257,3365,1000,"the Lord hath said I will raise up a Moses; and I will give power unto him in a rod;"
31,2 Nephi,Nephi,first-person,False,,3365,3472,1000,"And upon these I write the things of my soul, and many of the Scriptures which are engraven upon the"
32,2 Nephi,Nephi,first-person,False,,3472,3577,1000,"after that we had journied for the space of many days, we did pitch our tents. And my people would"
33,2 Nephi,Nephi,first-person,False,,3577,3676,1000,"for the welfare of your souls. Yea, mine anxiety is great for you; and ye yourselves know that it ever"
34,2 Nephi,Nephi,first-person,False,,3676,3777,1000,"of Israel. When ye are weary, he waketh morning by morning. He waketh mine ear to hear as the learned."
35,2 Nephi,Nephi,first-person,False,,3777,3890,1000,"for henceforth there shall no more come into thee, the uncircumcised and the unclean. Shake thyself from the dust; arise,"
36,2 Nephi,Nephi,first-person,False,,3890,3999,1000,"which was prepared for them from the foundation of the world: and their joy shall be full forever. O the"
37,2 Nephi,Nephi,first-person,False,,3999,4112,1000,"rid of your blood. O my beloved brethren, turn away from your sins; shake off the chains of him that"
38,2 Nephi,Nephi,first-person,False,,4112,4215,1000,"my promises which I have made unto the children of men, that I will do unto them while they are"
39,2 Nephi,Nephi,first-person,False,,4215,4316,1000,"their land also is full of idols; they worship the work of their own hands,-that which their own fingers have"
40,2 Nephi,Nephi,first-person,False,,4316,4420,1000,"be called by the name, to take away our reproach. In that day shall the branch of the Lord be"
41,2 Nephi,Nephi,first-person,False,,4420,4525,1000,"they shall roar against them like the roaring of the sea: and if they look unto the land, behold, darkness"
42,2 Nephi,Nephi,first-person,False,,4526,4630,1000,"And it shall come to pass in that day, every place shall be, where there were a thousand vines at"
43,2 Nephi,Nephi,first-person,False,,4630,4729,1000,"and tail, branch and rush in one day. - The ancient, he is the head; and the prophet that teacheth"
44,2 Nephi,Nephi,first-person,False,,4730,4836,1000,"anointing. He is come to Aiath, he is passed to Migron; at Michmash he hath laid up his carriages; they"
45,2 Nephi,Nephi,first-person,False,,4836,4932,1000,"sinners thereof out of it. For the stars of heaven and the constellations thereof shall not give their light; and"
46,2 Nephi,Nephi,first-person,False,,4932,5039,1000,"and nephew, saith the Lord. I will also make it a possession for the bittern, and pools of water: and"
47,2 Nephi,Nephi,first-person,False,,5039,5147,1000,"holy name. And behold it shall come to pass, that after the Messiah hath risen from the dead, and hath"
48,2 Nephi,Nephi,first-person,False,,5147,5252,1000,"shall be the law which ye shall do. For behold, I say unto you, that I have beheld that many"
49,2 Nephi,Nephi,first-person,False,,5252,5353,1000,"that the Lord God worketh not in darkness. He' doeth not anything, save it be for the benefit of the"
50,2 Nephi,Nephi,first-person,False,,5353,5451,1000,"man of whom I have spoken, the book shall be hid from the eyes of the world, that the eyes"
51,2 Nephi,Nephi,first-person,False,,5451,5551,1000,"when the one shall say unto the other, Behold, I, lam the Lord' s; and the other shall say, I,"
52,2 Nephi,Nephi,first-person,False,,5551,5654,1000,"here a little there a little; and blessed are they that hearken unto my precepts, and lend an ear unto"
53,2 Nephi,Nephi,first-person,False,,5654,5763,1000,"ye shall all likewise perish; and because of the words which have been spoken, ye need not suppose that the"
54,2 Nephi,Nephi,first-person,False,,5764,5874,1000,"beloved brethren, can we follow Jesus, save we shall be willing to keep the commandments of the Father? And the"
55,2 Nephi,Nephi,first-person,True,Spans 2 Nephi/Jacob boundary,5874,5983,1000,"to pray, ye would know that ye must pray: for the evil spirit teacheth not a man to pray, but"
56,Jacob,Jacob,first-person,False,,5983,6096,1000,"might persuade them to come unto Christ, and partake of the goodness of God, that they might enter into his"
57,Jacob,Jacob,first-person,False,,6096,6198,1000,"hath smiled upon you most pleasingly, that you have obtained many riches; and because that some of you have obtained"
58,Jacob,Jacob,first-person,False,,6198,6309,1000,"the time speedily cometh that except ye repent, they shall possess the land of your in heritance, and the Lord"
59,Jacob,Jacob,first-person,False,,6309,6415,1000,"but to take counsel from his hand. For behold, ye yourselves know, that he counseleth in wisdom, and in justice,"
60,Jacob,Jacob,first-person,False,,6415,6522,1000,"came to pass that a long time passed away, and the Lord of the vineyard sayeth unto his servant, Come,"
61,Jacob,Jacob,first-person,False,,6522,6626,1000,"graft in the branches of the wild olive tree, they have nourished the roots, that they are alive, and they"
62,Jacob,Jacob,first-person,False,,6626,6725,1000,"have glory in the fruit of my vineyard. And it came to pass that they took from the natural tree"
63,Jacob,Jacob,first-person,False,,6726,6839,1000,"was in the beginning; and blessed art thou. For because that ye have been diligent in laboring with me in"
64,Jacob,Jacob,first-person,True,Spans Jacob/Enos boundary,6839,6954,1000,"people, that they pervert the right way of God, and keep not the law of Moses, which is the right"
65,Enos,Enos,first-person,False,,6954,7058,1000,"the name of my God for it. And I will tell you of the wrestle which I had before God,"
66,Jarom,Jarom,first-person,True,Spans Enos/Omni boundary,7058,7170,1000,"that I must soon go down to my grave, having been wrought upon by the power of God, that I"
67,Omni,Multiple,first-person,True,Multiple mini-narrators in Omni,7170,7279,1000,"and in fine, two hundred and eighty and two years had passed away, and I kept these plates according to"
68,Words of Mormon,Mormon,first-person,True,Spans Omni/Words of Mormon boundary,7279,7401,1000,"come unto God, the Holy One of Israel, and believe in prophesying, and in revelations, and in the ministering of"
69,Mosiah,Mormon,third-person-abridgment,True,Spans Words of Mormon/Mosiah boundary,7401,7513,1000,"prophets, and false preachers, and teachers among the people, and all these having been punished according to their crimes; and"
70,Mosiah,Mormon,third-person-abridgment,False,,7513,7615,1000,"that thereby they might be led, every one according to the heed and diligence which they gave unto him. Therefore,"
71,Mosiah,Mormon,third-person-abridgment,False,,7615,7713,1000,"labor to serve you, then had not ye ought' to labor to serve one another? And behold, also, if I,"
72,Mosiah,Mormon,third-person-abridgment,False,,7713,7809,1000,"enemy to all righteousness; therefore, the Lord hath no place for him, for he dwelleth not in unholy temples. Therefore,"
73,Mosiah,Mormon,third-person-abridgment,False,,7809,7917,1000,"Adam, and will be, forever and ever; but if he yieldeth to the enticings of the Holy Spirit, and putteth"
74,Mosiah,Mormon,third-person-abridgment,False,,7917,8016,1000,"in the depths of humility, calling on the name of the Lord daily, and standing steadfastly i in the faith"
75,Mosiah,Mormon,third-person-abridgment,False,,8016,8123,1000,"know of his people, if they believed the words which he had spoken unto them. And if they all cried"
76,Mosiah,Mormon,third-person-abridgment,False,,8124,8234,1000,"do according to that which his father had done, in all things. And there was no contention among all his"
77,Mosiah,Mormon,third-person-abridgment,False,,8234,8334,1000,"who was made king over this people, he being over zealous to inherit the land of his fathers, therefore being"
78,Mosiah,Mormon,third-person-abridgment,False,,8334,8441,1000,"hilts thereof hath perished, and the blades thereof were cankered with rust; and there is no one in the land"
79,Mosiah,Mormon,third-person-abridgment,False,,8441,8550,1000,"might possess it. Therefore, it came to pass that after we had dwelt in the land for the space of"
80,Mosiah,Mormon,third-person-abridgment,False,,8551,8661,1000,"therefore he was favored of the Lord, for the Lord heard his prayers and answered them, and he took the"
81,Mosiah,Mormon,third-person-abridgment,False,,8661,8768,1000,"he became a wine bibber, and also his people. And it came to pass that the Lamanites began to come"
82,Mosiah,Mormon,third-person-abridgment,False,,8769,8874,1000,"other nations. And many things did Abinadi prophesy against this people. And it came to pass that they were angry"
83,Mosiah,Mormon,third-person-abridgment,False,,8874,8978,1000,"the Lord sent me to deliver; neither have I told you that which ye requested that I should tell; therefore,"
84,Mosiah,Mormon,third-person-abridgment,False,,8978,9081,1000,"say, Who hath believed our report, and to whom is the arm of the Lord revealed? for he shall grow"
85,Mosiah,Mormon,third-person-abridgment,False,,9081,9189,1000,"for his people, which was prepared from the foundation of the world; I say unto you, were it not for"
86,Mosiah,Mormon,third-person-abridgment,False,,9189,9292,1000,"it came to pass that when Abinadi had finished these sayings, that the king commanded that the priests should take"
87,Mosiah,Mormon,third-person-abridgment,False,,9292,9389,1000,"as witnesses of God at all times, and in all things, and in all places that ye may be in,"
88,Mosiah,Mormon,third-person-abridgment,False,,9390,9495,1000,"the coming of the king's army; therefore they took their tents and their families, and departed into the wilderness. And"
89,Mosiah,Mormon,third-person-abridgment,False,,9495,9599,1000,"did not molest them nor seek to destroy them. Now there was a place in Shemlon, where the daughters of"
90,Mosiah,Mormon,third-person-abridgment,False,,9599,9701,1000,"that after many days, the Lamanites began again to be stirred up in anger against the Nephites; and they began"
91,Mosiah,Mormon,third-person-abridgment,False,,9701,9813,1000,"because so many of his brethren had been slain; and also that king Noah and his priests had caused the"
92,Mosiah,Mormon,third-person-abridgment,False,,9813,9908,1000,"them, that the people of king Noah could not overtake them, to destroy them. And it came to pass that"
93,Mosiah,Mormon,third-person-abridgment,False,,9908,10010,1000,"the way which led to the land of Nephi, that they would grant unto them their lives and their liberty."
94,Mosiah,Mormon,third-person-abridgment,False,,10010,10117,1000,"and all their women, and all their children, that could speak, lifted their voices in the praises of their God."
95,Mosiah,Mormon,third-person-abridgment,False,,10117,10222,1000,"tradition of their fathers. They did not believe what had been said concerning the resurrection of the dead; neither did"
96,Mosiah,Mormon,third-person-abridgment,False,,10222,10325,1000,"would not confess their sins and repent of their iniquity, the same were not numbered among the people of the"
97,Mosiah,Mormon,third-person-abridgment,False,,10325,10432,1000,"mouth; yea, and he became weak, even that he could not move his hands; therefore he was taken by those"
98,Mosiah,Mormon,third-person-abridgment,False,,10433,10540,1000,"of soul, because of their iniquities; and suffering much, fearing that they should be cast off forever. And it came"
99,Mosiah,Mormon,third-person-abridgment,False,,10540,10640,1000,"to the commandments of God. Now it is better that a man should be judged of God than of man,"
100,Alma,Mormon,third-person-abridgment,True,Spans Mosiah/Alma boundary,10640,10754,1000,"cannot be enumerated; telling them that these things ought not to be; that they was expressly repugnant to the commandments"
101,Alma,Mormon,third-person-abridgment,False,,10754,10859,1000,"be Judged according to the crime which he had committed. And it came to pass that he stood before Alma,"
102,Alma,Mormon,third-person-abridgment,False,,10859,10966,1000,"became more still, and durst not commit any wickedness, if it were known; therefore, there was much peace among the"
103,Alma,Mormon,third-person-abridgment,False,,10966,11074,1000,"to pass that the people of Nephi took their tents, and departed out of the valley of Gideon towards their"
104,Alma,Mormon,third-person-abridgment,False,,11074,11178,1000,"saith to Nephi: Behold, the Lamanites have I cursed; and I will set a mark upon them, that they and"
105,Alma,Mormon,third-person-abridgment,False,,11178,11286,1000,"block to those who did not belong to the church; and thus the church began to fail in its progress."
106,Alma,Mormon,third-person-abridgment,False,,11286,11381,1000,"tell you: did not my father Alma believe in the words which was delivered by the mouth of Abinadi? And"
107,Alma,Mormon,third-person-abridgment,False,,11381,11479,1000,"the world; ye that have professed to have known the ways of righteousness ; nevertheless ye have gone astray, as"
108,Alma,Mormon,third-person-abridgment,False,,11479,11593,1000,"unto you, that these are they which shall be hewn down and cast into the fire, except they speedily repent."
109,Alma,Mormon,third-person-abridgment,False,,11593,11685,1000,"should come by the cause of so much afflictions and sorrow which I have had for the brethren at Zarahemla:"
110,Alma,Mormon,third-person-abridgment,False,,11685,11801,1000,"being temperate in all things; being diligent in keeping the commandments of God at all times; asking for whatsoever things"
111,Alma,Mormon,third-person-abridgment,False,,11801,11906,1000,"to an humble servant of God something to eat? And the man saith unto him, I am a Nephite, and"
112,Alma,Mormon,third-person-abridgment,False,,11906,12003,1000,"the commandments of God, they have been cut off from the presence of the Lord. Now we see that the"
113,Alma,Mormon,third-person-abridgment,False,,12003,12107,1000,"pass that Amulek went and stood forth, and began to preach unto them also. And now the words of Amulek"
114,Alma,Mormon,third-person-abridgment,False,,12107,12207,1000,"well doth he cry unto this people, by the voice of his angels, Repent ye, repent, for the Kingdom of"
115,Alma,Mormon,third-person-abridgment,False,,12207,12313,1000,"to the suits which was brought before them; therefore they did stir up the people against Alma and Amulek. And"
116,Alma,Mormon,third-person-abridgment,False,,12313,12413,1000,"his guilt, he opened his mouth and began to speak unto him, and to establish the words of Amulek, and"
117,Alma,Mormon,third-person-abridgment,False,,12413,12517,1000,"and partake of the fruit of the tree of life, and live forever? And thus we see that there was"
118,Alma,Mormon,third-person-abridgment,False,,12518,12622,1000,"faith, while others would reject the spirit of God on account of the hardness of their hearts and blindness of"
119,Alma,Mormon,third-person-abridgment,False,,12622,12723,1000,"part of my heart, yea, with great anxiety, even unto pain, that ye would hearken unto my words, and cast"
120,Alma,Mormon,third-person-abridgment,False,,12724,12823,1000,"of Nehor, which slew Gideon. And it came to pass that Alma and Amulek answered him nothing; and he smote"
121,Alma,Mormon,third-person-abridgment,False,,12823,12930,1000,"hand, and besought them that they would heal him. And it came to pass that Alma said unto him, taking"
122,Alma,Mormon,third-person-abridgment,False,,12930,13041,1000,"covering. And now so great was the scent thereof, that the people did not go in to possess the land"
123,Alma,Mormon,third-person-abridgment,False,,13041,13140,1000,"them, Be comforted; and they were comforted. And the Lord said unto them also, Go forth among the Lamanites, thy"
124,Alma,Mormon,third-person-abridgment,False,,13141,13242,1000,"again stood to scatter their flocks; but Ammon saith unto his brethren, Encircle the flocks round about, that they flee"
125,Alma,Mormon,third-person-abridgment,False,,13242,13342,1000,"Rabbanah, which is, being interpreted, powerful, or great king, considering their kings to be powerful; and thus he said unto"
126,Alma,Mormon,third-person-abridgment,False,,13342,13442,1000,"mourned over him, after the manner of the Lamanites, greatly lamenting his loss. And it came to pass that after"
127,Alma,Mormon,third-person-abridgment,False,,13442,13547,1000,"at the waters of Sebus; and they were also rebuked by those men which had stood at the waters of"
128,Alma,Mormon,third-person-abridgment,False,,13547,13648,1000,"will cast thy brethren out of prison. And it came to pass that as Ammon and Lamoni was a journeying"
129,Alma,Mormon,third-person-abridgment,False,,13651,13769,1000,"-- CHAPTER XIII. An account of the preaching of Aaron and Muloki, and their brethren, to the Lamanites. Now when"
130,Alma,Mormon,third-person-abridgment,False,,13769,13868,1000,"for after he departed from the land of Middoni, he was led by the spirit to the land of Nephi;"
131,Alma,Mormon,third-person-abridgment,False,,13868,13976,1000,"when the queen saw the fear of the servants, she also began to fear exceedingly, lest there should some evil"
132,Alma,Mormon,third-person-abridgment,False,,13976,14081,1000,"had been converted unto the Lord, and all his household; therefore he seat this proclamation throughout the land unto his"
133,Alma,Mormon,third-person-abridgment,False,,14081,14178,1000,"have committed; and I also thank my God, yea, my great God, that he hath granted unto us that we"
134,Alma,Mormon,third-person-abridgment,False,,14178,14281,1000,"his people. Now the greatest number of those of the Lamanites which slew so many of their brethren, were Amalekites"
135,Alma,Mormon,third-person-abridgment,False,,14281,14375,1000,"about. this ereat work. Behold, thousands of them do rejoice, and have been brought into the fold of God. Behold,"
136,Alma,Mormon,third-person-abridgment,False,,14375,14478,1000,"been patient in our sufferings and we have suffered every privation; yea, we have travelled from house to house, relying"
137,Alma,Mormon,third-person-abridgment,False,,14478,14585,1000,"I will preserve them. And now it came to pass that Ammon went and told the king all the words"
138,Alma,Mormon,third-person-abridgment,False,,14585,14675,1000,"the daughter for the brother; yea, the brother for the father: and thus the cry of mourning was heard among"
139,Alma,Mormon,third-person-abridgment,False,,14675,14783,1000,"fruit; and how great shall be their reward. Now when I think of the success of these my brethren, my"
140,Alma,Mormon,third-person-abridgment,False,,14783,14879,1000,"Now the High Priest's name was Giddonah. And Korihor saith unto him, Because I do not teach the foolish traditions"
141,Alma,Mormon,third-person-abridgment,False,,14879,14983,1000,"Supreme Creator; and yet do ye go about, leading away the hearts of this people, testifying unto them there is"
142,Alma,Mormon,third-person-abridgment,False,,14983,15083,1000,"the virtue of the word of God. Therefore he took Ammon, and Aaron, and Omner; and Himni he did leave"
143,Alma,Mormon,third-person-abridgment,False,,15083,15186,1000,"'also my fellow-laborers which are with me; yea, Ammon, and Aaron, and Omner, and also Amulek, and Zeezrom, and also"
144,Alma,Mormon,third-person-abridgment,False,,15186,15280,1000,"say unto you, That it is on the one hand, even as it is on the other; and it shall"
145,Alma,Mormon,third-person-abridgment,False,,15280,15378,1000,"shall feast upon this fruit, even until ye are filled, that ye hunger not, neither shall ye thirst. Then my"
146,Alma,Mormon,third-person-abridgment,False,,15379,15483,1000,"brother, that he should make known unto you what ye should do, because of your afflictions; and he hath spoken"
147,Alma,Mormon,third-person-abridgment,False,,15483,15588,1000,"the day for men to perform their labors. And now as I said unto you before, as ye have had"
148,Alma,Mormon,third-person-abridgment,False,,15588,15691,1000,"instruments in the hands of God of bringing many of the Zoramites to repentance, and as many as were brought"
149,Alma,Mormon,third-person-abridgment,False,,15691,15791,1000,"and praising their God; yea, and my soul did long to be there. But behold, my limbs did receive their"
150,Alma,Mormon,third-person-abridgment,False,,15791,15895,1000,"behold, I tell you by the spirit of prophecy, that if ye transeress the commandments of God, behold, these things"
151,Alma,Mormon,third-person-abridgment,False,,15895,16001,1000,"god; and if ye do these things, ye shall be lifted up at the last day. And now my son,"
152,Alma,Mormon,third-person-abridgment,False,,16001,16109,1000,"ye may be filled with love; see that ye refrain from idleness; do not pray as the Zoramites do, for"
153,Alma,Mormon,third-person-abridgment,False,,16109,16205,1000,"mystery; nevertheless, there are many mysteries, which are kept, that no one knoweth them save God himself. But I shew"
154,Alma,Mormon,third-person-abridgment,False,,16205,16304,1000,"God. But behold, an awful death cometh upon the wicked; for they die as to things pertaining to things of"
155,Alma,Mormon,third-person-abridgment,False,,16304,16398,1000,"no space for repentance; yea, and also the word of God would have been void, and the great plan of"
156,Alma,Mormon,third-person-abridgment,False,,16398,16514,1000,"- Amen. -- CHAPTER XX. AND now it came to pass, that the sons of Alma did go forth among"
157,Alma,Mormon,third-person-abridgment,False,,16514,16621,1000,"of Moroni that the armies of the Lamanites were marching round about in the wilderness, that they might come over"
158,Alma,Mormon,third-person-abridgment,False,,16621,16721,1000,"lands, their country, and their rights, and their religion. And it came to pass that when the men of Moroni"
159,Alma,Mormon,third-person-abridgment,False,,16721,16836,1000,"Zerahemnah withdrew from before them, into the midst of his soldiers. And it came to pass that the soldier which"
160,Alma,Mormon,third-person-abridgment,False,,16836,16937,1000,"Alma has said these things to Helama, he blessed him, and also his other sons; and he also blessed the"
161,Alma,Mormon,third-person-abridgment,False,,16937,17045,1000,"who did belong to the church were faithful; yea, all those who were true believers in Christ, took upon them,"
162,Alma,Mormon,third-person-abridgment,False,,17045,17154,1000,"enter into a covenant to support the cause of freedom, that they might maintain a free government, he caused to"
163,Alma,Mormon,third-person-abridgment,False,,17154,17265,1000,"destroyed. Now this was the very thing which Amalickiah desired. And it came to pass that he delivered his men,"
164,Alma,Mormon,third-person-abridgment,False,,17265,17368,1000,"the greatness of the number of his people, to overpower the Nephites, and to bring them into bondage: and thus"
165,Alma,Mormon,third-person-abridgment,False,,17368,17476,1000,"I said that the city of Ammonihah had been re-built. I say unto you, yea, that it was in part"
166,Alma,Mormon,third-person-abridgment,False,,17476,17582,1000,"breast-plates, and their head-plates, insomuch that their wounds were upon their legs; many of which were very severe. And it"
167,Alma,Mormon,third-person-abridgment,False,,17582,17682,1000,"at this time, which he spake unto Lehi, saying: Blessed art thou, and thy children; and they shall be blessed,"
168,Alma,Mormon,third-person-abridgment,False,,17682,17789,1000,"year, over the people of Nephi. ey CHAPTER XXIII. AND now it came to pass, in the commencement of the"
169,Alma,Mormon,third-person-abridgment,False,,17789,17906,1000,"arms in defence of their country. And thus Moroni put an end to those king-men, that there were not any"
170,Alma,Mormon,third-person-abridgment,False,,17906,18017,1000,"for as the Lamanites had taken many prisoners, that he should retain all the prisoners of the Lamanites, as a"
171,Alma,Mormon,third-person-abridgment,False,,18018,18127,1000,"the Lamanites had beheld Lehi, with his army, coming against them, they fled in much confusion, lest perhaps they should"
172,Alma,Mormon,third-person-abridgment,False,,18127,18247,1000,"brethren, or rather by the power and word of god, they had been converted unto the Lord; and they had"
173,Alma,Mormon,third-person-abridgment,False,,18247,18349,1000,"deliver up a man, and his wife, and his children, for one prisoner; if this be the case that ye"
174,Alma,Mormon,third-person-abridgment,False,,18349,18455,1000,"ing been prepared in its strength. And it came to pass they did drink and were merry, and by and"
175,Alma,Mormon,third-person-abridgment,False,,18455,18556,1000,"had made, and take up their weapons of war in our defence. But I would not suffer them that they"
176,Alma,Mormon,third-person-abridgment,False,,18556,18661,1000,"to pass that we did flee before them, northward. And thus we did lead away the most powerful army of"
177,Alma,Mormon,third-person-abridgment,False,,18661,18765,1000,"forces were sufficient to take the city of Antiparah by our force; and by delivering up the prisoners for that"
178,Alma,Mormon,third-person-abridgment,False,,18765,18874,1000,"our whole army; yea, that they should be spared, while there was a thousand of our brethren which were slain."
179,Alma,Mormon,third-person-abridgment,False,,18874,18983,1000,"the cause of our liberty. And thus we did go forth with all our might against the Lamanites, which were"
180,Alma,Mormon,third-person-abridgment,False,,18983,19091,1000,"of our armies, yea, and deliver us out of the hands of our enemies. - Behold, this is the twenty"
181,Alma,Mormon,third-person-abridgment,False,,19091,19190,1000,"they are murdering thousands of your brethren; yea, even they which have looked up to you for protection, yea, have"
182,Alma,Mormon,third-person-abridgment,False,,19190,19295,1000,"be any among you that hath a desire for freedom, yea, if there be even a spark of freedom remaining,"
183,Alma,Mormon,third-person-abridgment,False,,19295,19408,1000,"he should command us so to do. But behold he doth not command us that we shall subject ourselves to"
184,Alma,Mormon,third-person-abridgment,False,,19408,19521,1000,"war against the Nephites. And when they had entered into this covenant, they sent them to dwell with the people"
185,Alma,Mormon,third-person-abridgment,False,,19521,19635,1000,"the morrow, and came upon the Lamanites, insomuch that they did slay them with a great slaughter; and they did"
186,Helaman,Mormon,third-person-abridgment,True,Spans Alma/Helaman boundary,19635,19755,1000,"after the name of his father. Now behold, all those engravings which were in the possession of Helaman, were written"
187,Helaman,Mormon,third-person-abridgment,False,,19755,19856,1000,"that because of so much contention and so much difficulty in the government, that they had not kept sufficient guards"
188,Helaman,Mormon,third-person-abridgment,False,,19856,19964,1000,"he might murder Helaman: And it came to pass that when the servant of Helaman had known all the heart"
189,Helaman,Mormon,third-person-abridgment,False,,19964,20062,1000,"of Nephi. The forty and sixth year of the reign of the Judges ended. And it came to pass that"
190,Helaman,Mormon,third-person-abridgment,False,,20062,20169,1000,"and seventh year, they did come down against the Nephites to battle, and 'they did commence the work of death;"
191,Helaman,Mormon,third-person-abridgment,False,,20169,20266,1000,"stiffnecked people, insomuch that they could not be governed by the law nor justice, save it were to their destruction."
192,Helaman,Mormon,third-person-abridgment,False,,20266,20373,1000,"them, but stood as if they were struck dumb with amazement. And it came to pass that Nephi and Lehi"
193,Helaman,Mormon,third-person-abridgment,False,,20373,20482,1000,"fathers. And it came to pass that they did yield up unto the Nephites, the lands of their possession. And"
194,Helaman,Mormon,third-person-abridgment,False,,20482,20594,1000,"those who did belong to his band, and plunder, and steal, and commit whoredoms, and all manner of wickedness, contrary"
195,Helaman,Mormon,third-person-abridgment,False,,20594,20693,1000,"him; doing no justice unto the children of men; condemning the righteous because of their righteousness; letting the guilty and"
196,Helaman,Mormon,third-person-abridgment,False,,20693,20795,1000,"me; therefore I testify that they shall be. And now it came to pass that when Nephi had said these"
197,Helaman,Mormon,third-person-abridgment,False,,20795,20903,1000,"him glory, because of that which is to come. And now seeing ye know these things, and cannot deny them,"
198,Helaman,Mormon,third-person-abridgment,False,,20903,20998,1000,"the multitude, and they began to question him in divers ways, that they might cross him, that they might accuse"
199,Helaman,Mormon,third-person-abridgment,False,,20998,21101,1000,"on earth, shall be loosed in heaven; and thus shall ye have power among this people. And thus, if ye"
200,Helaman,Mormon,third-person-abridgment,False,,21101,21204,1000,"will spare them; yea, O Lord, and thou seest that they have repented, because of the famine, and the pestilence"
201,Helaman,Mormon,third-person-abridgment,False,,21204,21306,1000,"of the children of men; yea, we can see that the Lord in his great infinite goodness, doth bless and"
202,Helaman,Mormon,third-person-abridgment,False,,21308,21404,1000,"And it came to pass that they would not suffer that he should enter into the city; therefore he went"
203,Helaman,Mormon,third-person-abridgment,False,,21404,21494,1000,"them, and do slay them, and do do all manner of iniquity unto them, even as they did 'of old"
204,Helaman,Mormon,third-person-abridgment,False,,21494,21593,1000,"behold, thus saith the Lord commanded me, by his angel, that I should come and tell this thing unto you;"
205,Helaman,Mormon,third-person-abridgment,False,,21593,21694,1000,"in the day that they shall give suck; for ye shall attempt to flee, and there shall be no place"
206,Helaman,Mormon,third-person-abridgment,True,Spans Helaman/3 Nephi boundary,21694,21801,1000,"and remember at the time of their coming, that they had been made known unto them beforehand, to the intent"
207,3 Nephi,Mormon,third-person-abridgment,False,,21801,21902,1000,"Nephi did keep the records in his stead, yea, the record of this people. And it came to pass that"
208,3 Nephi,Mormon,third-person-abridgment,False,,21902,22014,1000,"away, bringing glad tidings unto the people because of the signs which had come to pass, according to the words"
209,3 Nephi,Mormon,third-person-abridgment,False,,22014,22117,1000,"the sixteenth year from the coming of Christ, Lachoneus, the Governor of the land, received an epistle from the leaders"
210,3 Nephi,Mormon,third-person-abridgment,False,,22117,22220,1000,"the Lord would deliver us into their hands; therefore we will prepare ourselves in the centre of our lands, and"
211,3 Nephi,Mormon,third-person-abridgment,False,,22220,22326,1000,"made, behold, the Nephites did beat them, insomuch that they did fall back from before them. And it came to"
212,3 Nephi,Mormon,third-person-abridgment,False,,22326,22429,1000,"when they had taken all the robbers prisoners, insomuch that none did escape which were not slain, they did cast"
213,3 Nephi,Mormon,third-person-abridgment,False,,22429,22532,1000,"the land; and they had formed their laws according to equity and justice. And now there was nothing in all"
214,3 Nephi,Mormon,third-person-abridgment,False,,22532,22642,1000,"subject unto kings. Now behold, I will shew unto you that they did not establish a king over the land;"
215,3 Nephi,Mormon,third-person-abridgment,False,,22642,22752,1000,"do some miracles among the people. And it came to pass that thus passed away the thirty and second year"
216,3 Nephi,Mormon,third-person-abridgment,False,,22752,22851,1000,"spared, and not have been buried up in that great city Moronihah; and thus were the howlings of the people"
217,3 Nephi,Mormon,third-person-abridgment,False,,22851,22959,1000,"people of the land did hear these sayings, and did witness of it. And after these sayings there was a"
218,3 Nephi,Mormon,third-person-abridgment,False,,22959,23064,1000,"it did not cause to quake; yea, it did pierce them to the very soul, and did cause their hearts"
219,3 Nephi,Mormon,third-person-abridgment,False,,23064,23159,1000,"believe in me; and whoso believeth in me, and is baptized, the same shall be saved; and they are they"
220,3 Nephi,Mormon,third-person-abridgment,False,,23159,23262,1000,"And whosoever shall say to his brother, Raca, shall be in danger of the council; and whosoever shall say, Thou"
221,3 Nephi,Mormon,third-person-abridgment,False,,23262,23369,1000,"and thieves break through and steal: but lay up for yourselves treasures in heaven, where neither moth nor rust doth"
222,3 Nephi,Mormon,third-person-abridgment,False,,23369,23478,1000,"that heareth these sayings of mine, and doeth them not, shall be likened unto a foolish man, which built his"
223,3 Nephi,Mormon,third-person-abridgment,False,,23478,23577,1000,"upon the face of the earth, because of their unbelief, may be brought in, or may be brought to a"
224,3 Nephi,Mormon,third-person-abridgment,False,,23577,23674,1000,"when he had thus spoken, all the multitude, with one accord, did go forth, with their sick, and their afflicted,"
225,3 Nephi,Mormon,third-person-abridgment,False,,23674,23779,1000,"a commandment that ye shall do theas things. And if ye shall always do these things, blessed are ye, for"
226,3 Nephi,Mormon,third-person-abridgment,False,,23780,23878,1000,"also show himself on the morrow unto the multitude; yea, and even all the night it was noised abroad concerning"
227,3 Nephi,Mormon,third-person-abridgment,False,,23878,23977,1000,"he went again a little way off, and prayed unto the Father; and tongue cannot speak the words which he"
228,3 Nephi,Mormon,third-person-abridgment,False,,23977,24076,1000,"having raised me up unto you first, and sent me to bless you, in turning away every one of you"
229,3 Nephi,Mormon,third-person-abridgment,False,,24076,24171,1000,"me, and be baptized in my name, and know of the true points of my doctrine, that they may be"
230,3 Nephi,Mormon,third-person-abridgment,False,,24171,24276,1000,"of hosts is his name; and thy Redeemer, the Holy One of Israel; The God of the 'whole earth shall"
231,3 Nephi,Mormon,third-person-abridgment,False,,24276,24382,1000,"the fatherless, and that turn aside the stranger, and fear not me, saith the Lord of hosts. For I am"
232,3 Nephi,Mormon,third-person-abridgment,False,,24382,24477,1000,"an end of my sayings, and proceed to write the things which have been commanded me; therefore I would that"
233,3 Nephi,Mormon,third-person-abridgment,False,,24477,24574,1000,"the end, behold, him will I hold guiltless before my Father, at that day when I shall stand to judge"
234,3 Nephi,Mormon,third-person-abridgment,False,,24574,24672,1000,"thing which ye have desired of me: for ye have desired that ye might bring souls of men unto me,"
235,3 Nephi,Mormon,third-person-abridgment,True,Spans 3 Nephi/4 Nephi boundary,24672,24793,1000,"for the sins of the world. Now this change was not equal to that which should take place at the"
236,4 Nephi,Mormon,third-person-abridgment,False,,24793,24894,1000,"city Zarahemla did they cause to be built again. But there were many cities which had been sunk, and waters"
237,4 Nephi,Mormon,third-person-abridgment,True,Spans 4 Nephi/Mormon boundary,24895,25009,1000,"up many churches, and to do all manner of iniquity. And they did smite upon the people of Jesus; but"
238,Mormon,Mormon,mixed,True,Mormon/Moroni transition unclear without chapter markers,25009,25107,1000,"of thirty thousand. And it came to pass that they did have in this same year a number of battles,"
239,Mormon,Mormon,mixed,True,Mormon/Moroni transition unclear without chapter markers,25107,25208,1000,"of the land. And thus three hundred and forty and four years had passed away. And it came to pass"
240,Mormon,Mormon,mixed,True,Mormon/Moroni transition unclear without chapter markers,25208,25314,1000,"and also by the throne of God, that they would go up to battle against their enemies, and would cut"
241,Mormon,Mormon,mixed,True,Mormon/Moroni transition unclear without chapter markers,25314,25419,1000,"possession of the city Desolation, and this because their number did exceed the number of the Nephites. And they did"
242,Mormon,Mormon,mixed,True,Mormon/Moroni transition unclear without chapter markers,25420,25517,1000,"persuaded that Jesus is the Christ, the Son of the living God; that the Father may bring about, through his"
243,Mormon,Mormon,mixed,True,Mormon/Moroni transition unclear without chapter markers,25517,25623,1000,"thousand; and Joneam had fallen with his ten thousand; and Camenihah and Moronihah, and Antionum, and Shiblom, and Shem, and"
244,Mormon,Mormon,mixed,True,Mormon/Moroni transition unclear without chapter markers,25623,25717,1000,"that I may live, I know not. Behold, four hundred years have passed away since the coming of our Lord"
245,Mormon,Mormon,mixed,True,Mormon/Moroni transition unclear without chapter markers,25717,25814,1000,"rumors of wars, and earthquakes in diverse places; yea, it shall come in a day when there shall be great"
246,Mormon,Mormon,mixed,True,Mormon/Moroni transition unclear without chapter markers,25814,25912,1000,"of man, which came by Jesus Christ, they are brought back into the presence of the Lord; yea, this 1s"
247,Ether,Moroni,third-person-abridgment,True,Spans Mormon/Ether boundary,25912,26018,1000,"behold, these things which we have desired concerning our brethren, yea, even their restoration to the knowledge of Christ, is"
248,Ether,Moroni,third-person-abridgment,False,,26018,26112,1000,"and his brother, and their families, and also the friends of Jared and his brother, and their families, went down"
249,Ether,Moroni,third-person-abridgment,False,,26112,26204,1000,"hast commanded me, and I have made the barges according as thou hast directed me. And behold, O Lord, in"
250,Ether,Moroni,third-person-abridgment,False,,26204,26304,1000,"am Jesus Christ. I am the Father and the Son. In me shall all mankind have light, and that eternally,"
251,Ether,Moroni,third-person-abridgment,False,,26304,26416,1000,"are shut; and at my word, the earth shall shake; and at my command the inhabitants thereof shall pass away,"
252,Ether,Moroni,third-person-abridgment,False,,26416,26516,1000,"by the fierceness of the wind. And it came to pass that when they were buried in the deep, there"
253,Ether,Moroni,third-person-abridgment,False,,26516,26620,1000,"yet in captivity. And it came to pass that Shule was angry with his brother; and Shule waxed strong, and"
254,Ether,Moroni,third-person-abridgment,False,,26620,26724,1000,"Jared was exceeding fair. And it came to pass that she did talk with her father, and saith unto him,"
255,Ether,Moroni,third-person-abridgment,False,,26724,26820,1000,"seek his destruction. And the Lord warned Omer in a dream, that he should depart out of the land; wherefore"
256,Ether,Moroni,third-person-abridgment,False,,26820,26913,1000,"prophets in the land again, crying repentance unto them; that they must prepare the way of the Lord, or there"
257,Ether,Moroni,third-person-abridgment,False,,26913,27013,1000,"the Lord. And his brother did raise up in rebellion against him, in the which he did bring him into"
258,Ether,Moroni,third-person-abridgment,False,,27013,27120,1000,"not unto the voice of the Lord, because of their wicked combinations; wherefore there began to be wars and contentions"
259,Ether,Moroni,third-person-abridgment,False,,27120,27221,1000,"upon the Lamanites, that they were baptized with fire and with the Holy Ghost. Behold it was the faith of"
260,Ether,Moroni,third-person-abridgment,False,,27221,27329,1000,"with me face to face, and that he told me in plain humility, even as a man telleth another in"
261,Ether,Moroni,third-person-abridgment,False,,27329,27420,1000,"were Coriantumr. And it came to pass that Coriantumr repented not, neither his household, neither the people; and the wars"
262,Ether,Moroni,third-person-abridgment,False,,27420,27514,1000,"part of them fled to the army of Coriantumr.- And so great and lasting had been the war, and so"
263,Ether,Moroni,third-person-abridgment,True,Spans Ether/Moroni boundary,27514,27618,1000,"and that they might receive all the strength which it were possible that they could receive. And it came to"
264,Moroni,Moroni,first-person,False,,27618,27742,1000,"Holy Ghost; and in my name shall ye give it: for thus do mine apostles. Now Christ spake these words"
265,Moroni,Moroni,first-person,False,,27742,27839,1000,"profiteth him nothing. For behold, it is not counted unto him for righteousness. For behold, if a man being evil,"
266,Moroni,Moroni,first-person,False,,27840,27938,1000,"that the Holy Ghost may have place in their hearts, according to the power thereof: and after this manner bringeth"
267,Moroni,Moroni,first-person,False,,27938,28045,1000,"the law of circumcision is done away inme. And after this manner did the Holy Ghost manifest the word of"
268,Moroni,Moroni,first-person,False,,28045,28150,1000,"whilst in this tabernacle of clay, that we may conquer the enemy of all righteousness, and rest our souls in"
269,Moroni,Moroni,first-person,False,,28150,28252,1000,"Holy Ghost, ye may know the truth of all things. And whatsoever thing is good, is just and true; wherefore,"
