reference,frame_narrator,embed_type,speaker,confidence,needs_review,open_pattern,close_pattern,first_50_chars
"1 Nephi 1:13",FRAME_NEPHI,EMBED_SPEECH,,"MEDIUM",True,"\bsaying\s*[:;,]","","And he read, saying: Wo, wo, unto Jerusalem, for I"
"1 Nephi 2:9",FRAME_NEPHI,EMBED_SPEECH,,"MEDIUM",True,"\bsaying\s*[:;,]","","And when my father saw that the waters of the rive"
"1 Nephi 2:19",FRAME_NEPHI,EMBED_SPEECH,Nephi,"HIGH",False,"\bsaying\s*[:;,]","","And it came to pass that the Lord spake unto me, s"
"1 Nephi 3:2",FRAME_NEPHI,EMBED_SPEECH,,"MEDIUM",True,"\bsaying\s*[:;,]","","And it came to pass that he spake unto me, saying:"
"1 Nephi 3:29",FRAME_NEPHI,EMBED_SPEECH,Lord,"HIGH",False,"\b(and|now)\s+\w+\s+(said|saith|spake|cr","","And it came to pass as they smote us with a rod, b"
"1 Nephi 3:31",FRAME_NEPHI,EMBED_SPEECH,Angel,"HIGH",False,"\bsaying\s*[:;,]","","And after the angel had departed, Laman and Lemuel"
"1 Nephi 4:1",FRAME_NEPHI,EMBED_SPEECH,,"MEDIUM",True,"\bsaying\s*[:;,]","","And it came to pass that I spake unto my brethren,"
"1 Nephi 4:4",FRAME_NEPHI,NONE,,"LOW",True,"","\bwhen\s+\w+\s+had\s+(spoken|said|finish","Now when I had spoken these words, they were yet w"
"1 Nephi 4:34",FRAME_NEPHI,EMBED_SPEECH,Lord,"HIGH",False,"\bsaying\s*[:;,]","","And I also spake unto him, saying: Surely the Lord"
"1 Nephi 5:2",FRAME_NEPHI,EMBED_SPEECH,,"MEDIUM",True,"\bsaying\s*[:;,]","","For she had supposed that we had perished in the w"
"1 Nephi 5:4",FRAME_NEPHI,EMBED_SPEECH,,"MEDIUM",True,"\bsaying\s*[:;,]","","And it had come to pass that my father spake unto "
"1 Nephi 5:8",FRAME_NEPHI,EMBED_SPEECH,Lord,"HIGH",False,"\b(and|now)\s+\w+\s+(said|saith|spake|cr","","And she spake, saying: Now I know of a surety that"
"1 Nephi 7:8",FRAME_NEPHI,NONE,,"HIGH",True,"\bsaying\s*[:;,]","","And now I, Nephi, being grieved for the hardness o"
"1 Nephi 7:17",FRAME_NEPHI,EMBED_SPEECH,Lord,"HIGH",False,"\bsaying\s*[:;,]","","But it came to pass that I prayed unto the Lord, s"
"1 Nephi 7:18",FRAME_NEPHI,NONE,,"LOW",True,"","\bwhen\s+\w+\s+had\s+(spoken|said|finish","And it came to pass that when I had said these wor"
"1 Nephi 8:2",FRAME_NEPHI,EMBED_SPEECH,,"MEDIUM",True,"\bsaying\s*[:;,]","","And it came to pass that while my father tarried i"
"1 Nephi 8:34",FRAME_NEPHI,EMBED_SPEECH,,"MEDIUM",True,"\bthese are the words (of|which)\b","","These are the words of my father: For as many as h"
"1 Nephi 9:6",FRAME_NEPHI,NONE,,"LOW",True,"","\bamen\b","But the Lord knoweth all things from the beginning"
"1 Nephi 10:2",FRAME_NEPHI,EMBED_SPEECH,,"MEDIUM",True,"\bhe\s+spake\s+unto\s+them\b","\bhad\s+(made\s+an\s+end|finished)\s+(of","For behold, it came to pass after my father had ma"
"1 Nephi 11:6",FRAME_NEPHI,EMBED_SPEECH,,"MEDIUM",True,"\bsaying\s*[:;,]","\bwhen\s+\w+\s+had\s+(spoken|said|finish","And when I had spoken these words, the Spirit crie"
"1 Nephi 11:10",FRAME_NEPHI,EMBED_SPEECH,,"MEDIUM",True,"\band\s+(\w+)\s+said\s+unto\b","","And he said unto me: What desirest thou?"
"1 Nephi 11:11",FRAME_NEPHI,EMBED_SPEECH,,"MEDIUM",True,"\band\s+(\w+)\s+said\s+unto\b","","And I said unto him: To know the interpretation th"
"1 Nephi 11:14",FRAME_NEPHI,EMBED_SPEECH,Angel,"HIGH",False,"\band\s+(\w+)\s+said\s+unto\b","","And it came to pass that I saw the heavens open; a"
"1 Nephi 11:15",FRAME_NEPHI,EMBED_SPEECH,,"MEDIUM",True,"\band\s+(\w+)\s+said\s+unto\b","","And I said unto him: A virgin, most beautiful and "
"1 Nephi 11:16",FRAME_NEPHI,EMBED_SPEECH,God,"HIGH",False,"\band\s+(\w+)\s+said\s+unto\b","","And he said unto me: Knowest thou the condescensio"
"1 Nephi 11:17",FRAME_NEPHI,EMBED_SPEECH,,"MEDIUM",True,"\band\s+(\w+)\s+said\s+unto\b","","And I said unto him: I know that he loveth his chi"
"1 Nephi 11:18",FRAME_NEPHI,EMBED_SPEECH,,"MEDIUM",True,"\band\s+(\w+)\s+said\s+unto\b","","And he said unto me: Behold, the virgin whom thou "
"1 Nephi 11:19",FRAME_NEPHI,EMBED_SPEECH,,"MEDIUM",True,"\bsaying\s*[:;,]","","And it came to pass that I beheld that she was car"
"1 Nephi 11:22",FRAME_NEPHI,EMBED_SPEECH,God,"HIGH",False,"\b(and|now)\s+\w+\s+(said|saith|spake|cr","","And I answered him, saying: Yea, it is the love of"
"1 Nephi 11:23",FRAME_NEPHI,EMBED_SPEECH,,"MEDIUM",True,"\b(and|now)\s+\w+\s+(said|saith|spake|cr","","And he spake unto me, saying: Yea, and the most jo"
"1 Nephi 11:24",FRAME_NEPHI,NONE,,"LOW",True,"","\bafter\s+\w+\s+had\s+(spoken|said)\b","And after he had said these words, he said unto me"
"1 Nephi 11:30",FRAME_NEPHI,EMBED_SPEECH,Angel,"HIGH",False,"\bsaying\s*[:;,]","","And it came to pass that the angel spake unto me a"
"1 Nephi 11:31",FRAME_NEPHI,EMBED_SPEECH,,"MEDIUM",True,"\b(and|now)\s+\w+\s+(said|saith|spake|cr","","And he spake unto me again, saying: Look! And I lo"
"1 Nephi 11:32",FRAME_NEPHI,EMBED_SPEECH,Angel,"HIGH",False,"\bsaying\s*[:;,]","","And it came to pass that the angel spake unto me a"
"1 Nephi 11:35",FRAME_NEPHI,EMBED_SPEECH,Ether,"HIGH",False,"\bsaying\s*[:;,]","","And the multitude of the earth was gathered togeth"
"1 Nephi 11:36",FRAME_NEPHI,EMBED_SPEECH,,"MEDIUM",True,"\bsaying\s*[:;,]","","And it came to pass that I saw and bear record, th"
"1 Nephi 12:8",FRAME_NEPHI,EMBED_SPEECH,Angel,"HIGH",False,"\bsaying\s*[:;,]","","And the angel spake unto me, saying: Behold the tw"
"1 Nephi 12:9",FRAME_NEPHI,EMBED_SPEECH,,"MEDIUM",True,"\band\s+(\w+)\s+said\s+unto\b","","And he said unto me: Thou rememberest the twelve a"
"1 Nephi 12:16",FRAME_NEPHI,EMBED_SPEECH,Angel,"HIGH",False,"\bsaying\s*[:;,]","","And the angel spake unto me, saying: Behold the fo"
"1 Nephi 13:1",FRAME_NEPHI,EMBED_SPEECH,Angel,"HIGH",False,"\bsaying\s*[:;,]","","And it came to pass that the angel spake unto me, "
"1 Nephi 13:3",FRAME_NEPHI,EMBED_SPEECH,,"MEDIUM",True,"\band\s+(\w+)\s+said\s+unto\b","","And he said unto me: These are the nations and kin"
"1 Nephi 13:8",FRAME_NEPHI,EMBED_SPEECH,Angel,"HIGH",False,"\bsaying\s*[:;,]","","And the angel spake unto me, saying: Behold the go"
"1 Nephi 13:22",FRAME_NEPHI,EMBED_SPEECH,,"MEDIUM",True,"\band\s+(\w+)\s+said\s+unto\b","","And I said unto him: I know not."
"1 Nephi 13:23",FRAME_NEPHI,NONE,,"HIGH",True,"\band\s+(\w+)\s+said\s+unto\b","","And he said: Behold it proceedeth out of the mouth"
"1 Nephi 13:34",FRAME_NEPHI,EMBED_SPEECH,Lord,"HIGH",False,"\bsaying\s*[:;,]","","And it came to pass that the angel of the Lord spa"
"1 Nephi 13:40",FRAME_NEPHI,EMBED_SPEECH,Angel,"HIGH",False,"\bsaying\s*[:;,]","","And the angel spake unto me, saying: These last re"
"1 Nephi 14:5",FRAME_NEPHI,EMBED_SPEECH,Nephi,"HIGH",False,"\bsaying\s*[:;,]","","And it came to pass that the angel spake unto me, "
"1 Nephi 14:10",FRAME_NEPHI,EMBED_SPEECH,,"MEDIUM",True,"\band\s+(\w+)\s+said\s+unto\b","","And he said unto me: Behold there are save two chu"
"1 Nephi 14:16",FRAME_NEPHI,EMBED_SPEECH,,"MEDIUM",True,"\bsaying\s*[:;,]","","And as there began to be wars and rumors of wars a"
"1 Nephi 14:18",FRAME_NEPHI,EMBED_SPEECH,Angel,"HIGH",False,"\bsaying\s*[:;,]","","And it came to pass that the angel spake unto me, "
"1 Nephi 14:30",FRAME_NEPHI,NONE,,"LOW",True,"","\bamen\b","And now I make an end of speaking concerning the t"
"1 Nephi 15:7",FRAME_NEPHI,EMBED_SPEECH,,"MEDIUM",True,"\band\s+they\s+said\b","","And they said: Behold, we cannot understand the wo"
"1 Nephi 15:8",FRAME_NEPHI,EMBED_SPEECH,Lord,"HIGH",False,"\band\s+(\w+)\s+said\s+unto\b","","And I said unto them: Have ye inquired of the Lord"
"1 Nephi 15:9",FRAME_NEPHI,EMBED_SPEECH,Lord,"HIGH",False,"\band\s+(\w+)\s+said\s+unto\b","","And they said unto me: We have not; for the Lord m"
"1 Nephi 15:18",FRAME_NEPHI,EMBED_SPEECH,,"MEDIUM",True,"\bsaying\s*[:;,]","","Wherefore, our father hath not spoken of our seed "
"1 Nephi 15:21",FRAME_NEPHI,EMBED_SPEECH,,"MEDIUM",True,"\bsaying\s*[:;,]","","And it came to pass that they did speak unto me ag"
"1 Nephi 15:22",FRAME_NEPHI,EMBED_SPEECH,,"MEDIUM",True,"\band\s+(\w+)\s+said\s+unto\b","","And I said unto them: It was a representation of t"
"1 Nephi 15:23",FRAME_NEPHI,EMBED_SPEECH,,"MEDIUM",True,"\band\s+(\w+)\s+said\s+unto\b","","And they said unto me: What meaneth the rod of iro"
"1 Nephi 15:24",FRAME_NEPHI,EMBED_SPEECH,God,"HIGH",False,"\band\s+(\w+)\s+said\s+unto\b","","And I said unto them that it was the word of God; "
"1 Nephi 15:26",FRAME_NEPHI,EMBED_SPEECH,,"MEDIUM",True,"\band\s+(\w+)\s+said\s+unto\b","","And they said unto me: What meaneth the river of w"
"1 Nephi 15:27",FRAME_NEPHI,EMBED_SPEECH,,"MEDIUM",True,"\band\s+(\w+)\s+said\s+unto\b","","And I said unto them that the water which my fathe"
"1 Nephi 15:28",FRAME_NEPHI,EMBED_SPEECH,,"MEDIUM",True,"\band\s+(\w+)\s+said\s+unto\b","","And I said unto them that it was an awful gulf, wh"
"1 Nephi 15:29",FRAME_NEPHI,EMBED_SPEECH,,"MEDIUM",True,"\band\s+(\w+)\s+said\s+unto\b","","And I said unto them that it was a representation "
"1 Nephi 15:30",FRAME_NEPHI,EMBED_SPEECH,God,"HIGH",False,"\band\s+(\w+)\s+said\s+unto\b","","And I said unto them that our father also saw that"
"1 Nephi 15:31",FRAME_NEPHI,EMBED_SPEECH,,"MEDIUM",True,"\band\s+(\w+)\s+said\s+unto\b","","And they said unto me: Doth this thing mean the to"
"1 Nephi 15:36",FRAME_NEPHI,NONE,,"LOW",True,"","\bamen\b","Wherefore, the wicked are rejected from the righte"
"1 Nephi 16:1",FRAME_NEPHI,NONE,,"HIGH",False,"","\bhad\s+(made\s+an\s+end|finished)\s+(of","And now it came to pass that after I, Nephi, had m"
"1 Nephi 16:23",FRAME_NEPHI,NONE,,"HIGH",True,"\band\s+(\w+)\s+said\s+unto\b","","And it came to pass that I, Nephi, did make out of"
"1 Nephi 16:35",FRAME_NEPHI,EMBED_SPEECH,,"MEDIUM",True,"\bsaying\s*[:;,]","","And it came to pass that the daughters of Ishmael "
"1 Nephi 16:37",FRAME_NEPHI,EMBED_SPEECH,,"MEDIUM",True,"\band\s+(\w+)\s+said\s+unto\b","","And Laman said unto Lemuel and also unto the sons "
"1 Nephi 17:7",FRAME_NEPHI,NONE,,"HIGH",True,"\bsaying\s*[:;,]","","And it came to pass that after I, Nephi, had been "
"1 Nephi 17:8",FRAME_NEPHI,EMBED_SPEECH,Lord,"HIGH",False,"\bsaying\s*[:;,]","","And it came to pass that the Lord spake unto me, s"
"1 Nephi 17:17",FRAME_NEPHI,EMBED_SPEECH,,"MEDIUM",True,"\bsaying\s*[:;,]","","And when my brethren saw that I was about to build"
"1 Nephi 17:19",FRAME_NEPHI,NONE,,"HIGH",True,"\bsaying\s*[:;,]","","And now it came to pass that I, Nephi, was exceedi"
"1 Nephi 17:23",FRAME_NEPHI,NONE,,"HIGH",True,"\bsaying\s*[:;,]","","And it came to pass that I, Nephi, spake unto them"
"1 Nephi 17:48",FRAME_NEPHI,EMBED_SPEECH,,"MEDIUM",True,"\bsaying\s*[:;,]","\bwhen\s+\w+\s+had\s+(spoken|said|finish","And now it came to pass that when I had spoken the"
"1 Nephi 17:50",FRAME_NEPHI,EMBED_SPEECH,God,"HIGH",False,"\band\s+(\w+)\s+said\s+unto\b","","And I said unto them: If God had commanded me to d"
"1 Nephi 17:55",FRAME_NEPHI,EMBED_SPEECH,Lord,"HIGH",False,"\bsaying\s*[:;,]","","And now, they said: We know of a surety that the L"
"1 Nephi 18:10",FRAME_NEPHI,NONE,,"HIGH",True,"\b(began|did)\s+to\s+(say|teach|preach|s","","And I, Nephi, began to fear exceedingly lest the L"
"1 Nephi 19:24",FRAME_NEPHI,EMBED_SPEECH,,"MEDIUM",True,"\bsaying\s*[:;,]","","Wherefore I spake unto them, saying: Hear ye the w"
"1 Nephi 21:6",FRAME_NEPHI,EMBED_SPEECH,,"MEDIUM",True,"\band\s+he\s+said\b","","And he said: It is a light thing that thou shoulds"
"1 Nephi 22:9",FRAME_NEPHI,EMBED_SPEECH,,"MEDIUM",True,"\bsaying\s*[:;,]","","And it shall also be of worth unto the Gentiles; a"
"1 Nephi 22:20",FRAME_NEPHI,EMBED_SPEECH,Lord,"HIGH",False,"\bsaying\s*[:;,]","","And the Lord will surely prepare a way for his peo"
"1 Nephi 22:31",FRAME_NEPHI,NONE,,"LOW",True,"","\bamen\b","Wherefore, ye need not suppose that I and my fathe"
"2 Nephi 1:1",FRAME_NEPHI,NONE,,"HIGH",False,"","\bhad\s+(made\s+an\s+end|finished)\s+(of","And now it came to pass that after I, Nephi, had m"
"2 Nephi 1:2",FRAME_NEPHI,EMBED_SPEECH,,"MEDIUM",True,"\bhe\s+spake\s+unto\s+them\b","","And he spake unto them concerning their rebellions"
"2 Nephi 2:30",FRAME_NEPHI,NONE,,"LOW",True,"","\bamen\b","I have spoken these few words unto you all, my son"
"2 Nephi 3:6",FRAME_NEPHI,EMBED_SPEECH,God,"HIGH",False,"\bsaying\s*[:;,]","","For Joseph truly testified, saying: A seer shall t"
"2 Nephi 3:14",FRAME_NEPHI,EMBED_SPEECH,Lord,"HIGH",False,"\bsaying\s*[:;,]","","And thus prophesied Joseph, saying: Behold, that s"
"2 Nephi 3:25",FRAME_NEPHI,NONE,,"LOW",True,"","\bamen\b","And now, blessed art thou, Joseph. Behold, thou ar"
"2 Nephi 4:3",FRAME_NEPHI,NONE,,"LOW",True,"","\bhad\s+(made\s+an\s+end|finished)\s+(of","Wherefore, after my father had made an end of spea"
"2 Nephi 4:8",FRAME_NEPHI,NONE,,"LOW",True,"","\bhad\s+(made\s+an\s+end|finished)\s+(of","And it came to pass that after my father had made "
"2 Nephi 4:9",FRAME_NEPHI,EMBED_SPEECH,,"MEDIUM",True,"\b(and|now)\s+\w+\s+(said|saith|spake|cr","","And he spake unto them, saying: Behold, my sons an"
"2 Nephi 4:10",FRAME_NEPHI,NONE,,"LOW",True,"","\bhad\s+(made\s+an\s+end|finished)\s+(of","And it came to pass that when my father had made a"
"2 Nephi 4:11",FRAME_NEPHI,EMBED_SPEECH,,"MEDIUM",True,"\bsaying\s*[:;,]","\bhad\s+(made\s+an\s+end|finished)\s+(of","And after he had made an end of speaking unto them"
"2 Nephi 4:35",FRAME_NEPHI,NONE,,"LOW",True,"","\bamen\b","Yea, I know that God will give liberally to him th"
"2 Nephi 5:3",FRAME_NEPHI,EMBED_SPEECH,,"MEDIUM",True,"\bsaying\s*[:;,]","","Yea, they did murmur against me, saying: Our young"
"2 Nephi 9:54",FRAME_JACOB,NONE,,"LOW",True,"","\bamen\b","And now, my brethren, I would speak unto you more;"
"2 Nephi 10:25",FRAME_JACOB,NONE,,"LOW",True,"","\bamen\b","Wherefore, may God raise you from death by the pow"
"2 Nephi 13:7",FRAME_NEPHI,EMBED_SPEECH,,"MEDIUM",True,"\bsaying\s*[:;,]","","In that day shall he swear, saying: I will not be "
"2 Nephi 14:1",FRAME_NEPHI,EMBED_SPEECH,,"MEDIUM",True,"\bsaying\s*[:;,]","","And in that day, seven women shall take hold of on"
"2 Nephi 16:8",FRAME_NEPHI,EMBED_SPEECH,Lord,"HIGH",False,"\bsaying\s*[:;,]","","Also I heard the voice of the Lord, saying: Whom s"
"2 Nephi 16:9",FRAME_NEPHI,EMBED_SPEECH,,"MEDIUM",True,"\band\s+he\s+said\b","","And he said: Go and tell this people--Hear ye inde"
"2 Nephi 16:11",FRAME_NEPHI,EMBED_SPEECH,Lord,"HIGH",False,"\band\s+he\s+said\b","","Then said I: Lord, how long? And he said: Until th"
"2 Nephi 17:2",FRAME_NEPHI,EMBED_SPEECH,,"MEDIUM",True,"\bsaying\s*[:;,]","","And it was told the house of David, saying: Syria "
"2 Nephi 17:5",FRAME_NEPHI,EMBED_SPEECH,,"MEDIUM",True,"\bsaying\s*[:;,]","","Because Syria, Ephraim, and the son of Remaliah, h"
"2 Nephi 17:10",FRAME_NEPHI,EMBED_SPEECH,Lord,"HIGH",False,"\bsaying\s*[:;,]","","Moreover, the Lord spake again unto Ahaz, saying:"
"2 Nephi 17:13",FRAME_NEPHI,EMBED_SPEECH,,"MEDIUM",True,"\band\s+he\s+said\b","","And he said: Hear ye now, O house of David; is it "
"2 Nephi 18:5",FRAME_NEPHI,EMBED_SPEECH,Lord,"HIGH",False,"\bsaying\s*[:;,]","","The Lord spake also unto me again, saying:"
"2 Nephi 18:11",FRAME_NEPHI,EMBED_SPEECH,Lord,"HIGH",False,"\bsaying\s*[:;,]","","For the Lord spake thus to me with a strong hand, "
"2 Nephi 24:8",FRAME_NEPHI,EMBED_SPEECH,,"MEDIUM",True,"\bsaying\s*[:;,]","","Yea, the fir trees rejoice at thee, and also the c"
"2 Nephi 24:24",FRAME_NEPHI,EMBED_SPEECH,Lord,"HIGH",False,"\bsaying\s*[:;,]","","The Lord of Hosts hath sworn, saying: Surely as I "
"2 Nephi 26:25",FRAME_NEPHI,EMBED_SPEECH,,"MEDIUM",True,"\bsaying\s*[:;,]","","Behold, doth he cry unto any, saying: Depart from "
"2 Nephi 27:15",FRAME_NEPHI,EMBED_SPEECH,God,"HIGH",False,"\bsaying\s*[:;,]","","But behold, it shall come to pass that the Lord Go"
"2 Nephi 31:10",FRAME_NEPHI,EMBED_SPEECH,,"MEDIUM",True,"\band\s+(\w+)\s+said\s+unto\b","","And he said unto the children of men: Follow thou "
"2 Nephi 31:12",FRAME_NEPHI,EMBED_SPEECH,,"MEDIUM",True,"\bsaying\s*[:;,]","","And also, the voice of the Son came unto me, sayin"
"2 Nephi 31:14",FRAME_NEPHI,EMBED_SPEECH,,"MEDIUM",True,"\bsaying\s*[:;,]","","But, behold, my beloved brethren, thus came the vo"
"2 Nephi 31:15",FRAME_NEPHI,EMBED_SPEECH,,"MEDIUM",True,"\bsaying\s*[:;,]","","And I heard a voice from the Father, saying: Yea, "
"2 Nephi 31:21",FRAME_NEPHI,NONE,,"LOW",True,"","\bamen\b","And now, behold, my beloved brethren, this is the "
"2 Nephi 33:15",FRAME_NEPHI,NONE,,"LOW",True,"","\bamen\b","For what I seal on earth, shall be brought against"
"Jacob 2:11",FRAME_JACOB,EMBED_SPEECH,,"MEDIUM",True,"\bsaying\s*[:;,]","","Wherefore, I must tell you the truth according to "
"Jacob 5:1",FRAME_JACOB,EMBED_SPEECH,,"MEDIUM",True,"\bsaying\s*[:;,]","","Behold, my brethren, do ye not remember to have re"
"Jacob 5:4",FRAME_JACOB,EMBED_SPEECH,,"MEDIUM",True,"\band\s+he\s+said\b","","And it came to pass that the master of the vineyar"
"Jacob 5:7",FRAME_JACOB,EMBED_SPEECH,,"MEDIUM",True,"\band\s+(\w+)\s+said\s+unto\b","","And it came to pass that the master of the vineyar"
"Jacob 5:18",FRAME_JACOB,EMBED_SPEECH,,"MEDIUM",True,"\band\s+(\w+)\s+said\s+unto\b","","And he said unto the servant: Behold, the branches"
"Jacob 5:20",FRAME_JACOB,EMBED_SPEECH,,"MEDIUM",True,"\band\s+(\w+)\s+said\s+unto\b","","And it came to pass that they went forth whither t"
"Jacob 5:25",FRAME_JACOB,EMBED_SPEECH,,"MEDIUM",True,"\band\s+(\w+)\s+said\s+unto\b","","And he said unto the servant: Look hither and beho"
"Jacob 6:13",FRAME_JACOB,NONE,,"LOW",True,"","\bamen\b","Finally, I bid you farewell, until I shall meet yo"
"Jacob 7:2",FRAME_JACOB,EMBED_SPEECH,,"MEDIUM",True,"\b(began|did)\s+to\s+(say|teach|preach|s","","And it came to pass that he began to preach among "
"Jacob 7:6",FRAME_JACOB,EMBED_SPEECH,,"MEDIUM",True,"\bsaying\s*[:;,]","","And it came to pass that he came unto me, and on t"
"Jacob 7:9",FRAME_JACOB,EMBED_SPEECH,Christ,"HIGH",False,"\band\s+(\w+)\s+said\s+unto\b","","And I said unto him: Deniest thou the Christ who s"
"Jacob 7:10",FRAME_JACOB,EMBED_SPEECH,,"MEDIUM",True,"\band\s+(\w+)\s+said\s+unto\b","","And I said unto him: Believest thou the scriptures"
"Jacob 7:11",FRAME_JACOB,EMBED_SPEECH,,"MEDIUM",True,"\band\s+(\w+)\s+said\s+unto\b","","And I said unto him: Then ye do not understand the"
"Jacob 7:14",FRAME_JACOB,EMBED_SPEECH,God,"HIGH",False,"\band\s+(\w+)\s+said\s+unto\b","","And I said unto him: What am I that I should tempt"
"Jacob 7:19",FRAME_JACOB,EMBED_SPEECH,,"MEDIUM",True,"\band\s+he\s+said\b","","And he said: I fear lest I have committed the unpa"
"Jacob 7:20",FRAME_JACOB,NONE,,"LOW",True,"","\bwhen\s+\w+\s+had\s+(spoken|said|finish","And it came to pass that when he had said these wo"
"Enos 1:5",FRAME_ENOS,EMBED_SPEECH,Enos,"HIGH",False,"\bsaying\s*[:;,]","","And there came a voice unto me, saying: Enos, thy "
"Enos 1:8",FRAME_ENOS,EMBED_SPEECH,Christ,"HIGH",False,"\band\s+(\w+)\s+said\s+unto\b","","And he said unto me: Because of thy faith in Chris"
"Enos 1:10",FRAME_ENOS,EMBED_SPEECH,Lord,"HIGH",False,"\bsaying\s*[:;,]","","And while I was thus struggling in the spirit, beh"
"Enos 1:27",FRAME_ENOS,NONE,,"LOW",True,"","\bamen\b","And I soon go to the place of my rest, which is wi"
"Mosiah 1:3",FRAME_MORMON_ABRIDGER,EMBED_SPEECH,,"MEDIUM",True,"\bsaying\s*[:;,]","","And he also taught them concerning the records whi"
"Mosiah 1:9",FRAME_MORMON_ABRIDGER,NONE,,"LOW",True,"","\bhad\s+(made\s+an\s+end|finished)\s+(of","And it came to pass that after king Benjamin had m"
"Mosiah 1:10",FRAME_MORMON_ABRIDGER,EMBED_SPEECH,Mosiah,"HIGH",False,"\bthese are the words (of|which)\b","","Therefore, he had Mosiah brought before him; and t"
"Mosiah 2:8",FRAME_MORMON_ABRIDGER,EMBED_SPEECH,,"MEDIUM",True,"\b(began|did)\s+to\s+(say|teach|preach|s","","And it came to pass that he began to speak to his "
"Mosiah 2:9",FRAME_MORMON_ABRIDGER,EMBED_SPEECH,,"MEDIUM",True,"\bthese are the words (of|which)\b","","And these are the words which he spake and caused "
"Mosiah 3:2",FRAME_MORMON_ABRIDGER,EMBED_SPEECH,Angel,"HIGH",False,"\band\s+(\w+)\s+said\s+unto\b","","And the things which I shall tell you are made kno"
"Mosiah 3:3",FRAME_MORMON_ABRIDGER,EMBED_SPEECH,,"MEDIUM",True,"\band\s+(\w+)\s+said\s+unto\b","","And he said unto me: Awake, and hear the words whi"
"Mosiah 3:27",FRAME_MORMON_ABRIDGER,NONE,,"LOW",True,"","\bamen\b","And their torment is as a lake of fire and brimsto"
"Mosiah 4:1",FRAME_MORMON_ABRIDGER,NONE,,"LOW",True,"","\bhad\s+(made\s+an\s+end|finished)\s+(of","And now, it came to pass that when king Benjamin h"
"Mosiah 4:2",FRAME_MORMON_ABRIDGER,EMBED_SPEECH,,"MEDIUM",True,"\bsaying\s*[:;,]","","And they had viewed themselves in their own carnal"
"Mosiah 4:3",FRAME_MORMON_ABRIDGER,NONE,,"LOW",True,"","\bafter\s+\w+\s+had\s+(spoken|said)\b","And it came to pass that after they had spoken the"
"Mosiah 4:4",FRAME_MORMON_ABRIDGER,EMBED_SPEECH,Benjamin,"HIGH",False,"\b(began|did)\s+to\s+(say|teach|preach|s","","And king Benjamin again opened his mouth and began"
"Mosiah 5:2",FRAME_MORMON_ABRIDGER,EMBED_SPEECH,,"MEDIUM",True,"\bsaying\s*[:;,]","","And they all cried with one voice, saying: Yea, we"
"Mosiah 5:6",FRAME_MORMON_ABRIDGER,EMBED_SPEECH,Benjamin,"HIGH",False,"\bthese are the words (of|which)\b","","And now, these are the words which king Benjamin d"
"Mosiah 5:15",FRAME_MORMON_ABRIDGER,NONE,,"LOW",True,"","\bamen\b","Therefore, I would that ye should be steadfast and"
"Mosiah 7:9",FRAME_MORMON_ABRIDGER,EMBED_SPEECH,Limhi,"HIGH",False,"\band\s+(\w+)\s+said\s+unto\b","","And he said unto them: Behold, I am Limhi, the son"
"Mosiah 7:18",FRAME_MORMON_ABRIDGER,EMBED_SPEECH,Ether,"HIGH",False,"\bhe\s+spake\s+unto\s+them\b","","And it came to pass that when they had gathered th"
"Mosiah 8:1",FRAME_MORMON_ABRIDGER,NONE,,"LOW",True,"","\bhad\s+(made\s+an\s+end|finished)\s+(of","And it came to pass that after king Limhi had made"
"Mosiah 8:19",FRAME_MORMON_ABRIDGER,EMBED_SPEECH,Ammon,"HIGH",False,"\bsaying\s*[:;,]","\bhad\s+(made\s+an\s+end|finished)\s+(of","And now, when Ammon had made an end of speaking th"
"Mosiah 10:22",FRAME_MORMON_ABRIDGER,NONE,,"LOW",True,"","\bamen\b","And now I, being old, did confer the kingdom upon "
"Mosiah 11:20",FRAME_MORMON_ABRIDGER,EMBED_SPEECH,Abinadi,"HIGH",False,"\bsaying\s*[:;,]","","And it came to pass that there was a man among the"
"Mosiah 11:26",FRAME_MORMON_ABRIDGER,NONE,,"LOW",True,"","\bwhen\s+\w+\s+had\s+(spoken|said|finish","Now it came to pass that when Abinadi had spoken t"
"Mosiah 11:27",FRAME_MORMON_ABRIDGER,EMBED_SPEECH,Abinadi,"HIGH",False,"\band\s+he\s+said\b","","Now when king Noah had heard of the words which Ab"
"Mosiah 12:1",FRAME_MORMON_ABRIDGER,EMBED_SPEECH,Abinadi,"HIGH",False,"\bsaying\s*[:;,]","","And it came to pass that after the space of two ye"
"Mosiah 12:2",FRAME_MORMON_ABRIDGER,EMBED_SPEECH,Lord,"HIGH",False,"\bsaying\s*[:;,]","","Yea, wo be unto this generation! And the Lord said"
"Mosiah 12:20",FRAME_MORMON_ABRIDGER,EMBED_SPEECH,,"MEDIUM",True,"\bsaying\s*[:;,]","","And it came to pass that one of them said unto him"
"Mosiah 12:28",FRAME_MORMON_ABRIDGER,EMBED_SPEECH,,"MEDIUM",True,"\band\s+they\s+said\b","","And they said: We teach the law of Moses."
"Mosiah 12:33",FRAME_MORMON_ABRIDGER,EMBED_SPEECH,Abinadi,"HIGH",False,"\b(and|now)\s+\w+\s+(said|saith|spake|cr","","But now Abinadi said unto them: I know if ye keep "
"Mosiah 13:5",FRAME_MORMON_ABRIDGER,NONE,,"LOW",True,"","\bafter\s+\w+\s+had\s+(spoken|said)\b","Now it came to pass after Abinadi had spoken these"
"Mosiah 13:6",FRAME_MORMON_ABRIDGER,EMBED_SPEECH,God,"HIGH",False,"\b(and|now)\s+\w+\s+(said|saith|spake|cr","","And he spake with power and authority from God; an"
"Mosiah 16:1",FRAME_MORMON_ABRIDGER,NONE,,"LOW",True,"","\bafter\s+\w+\s+had\s+(spoken|said)\b","And now, it came to pass that after Abinadi had sp"
"Mosiah 16:15",FRAME_MORMON_ABRIDGER,NONE,,"LOW",True,"","\bamen\b","Teach them that redemption cometh through Christ t"
"Mosiah 17:7",FRAME_MORMON_ABRIDGER,EMBED_SPEECH,Abinadi,"HIGH",False,"\band\s+(\w+)\s+said\s+unto\b","","And he said unto him: Abinadi, we have found an ac"
"Mosiah 17:12",FRAME_MORMON_ABRIDGER,EMBED_SPEECH,,"MEDIUM",True,"\bsaying\s*[:;,]","","But the priests lifted up their voices against him"
"Mosiah 17:14",FRAME_MORMON_ABRIDGER,EMBED_SPEECH,,"MEDIUM",True,"\bsaying\s*[:;,]","","And now when the flames began to scorch him, he cr"
"Mosiah 17:20",FRAME_MORMON_ABRIDGER,NONE,,"LOW",True,"","\bwhen\s+\w+\s+had\s+(spoken|said|finish","And now, when Abinadi had said these words, he fel"
"Mosiah 18:1",FRAME_MORMON_ABRIDGER,EMBED_SPEECH,Alma,"HIGH",False,"\b(began|did)\s+to\s+(say|teach|preach|s","","And now, it came to pass that Alma, who had fled f"
"Mosiah 18:12",FRAME_MORMON_ABRIDGER,EMBED_SPEECH,Alma,"HIGH",False,"\bsaying\s*[:;,]","","And now it came to pass that Alma took Helam, he b"
"Mosiah 18:13",FRAME_MORMON_ABRIDGER,EMBED_SPEECH,Lord,"HIGH",False,"\band\s+he\s+said\b","\bwhen\s+\w+\s+had\s+(spoken|said|finish","And when he had said these words, the Spirit of th"
"Mosiah 18:14",FRAME_MORMON_ABRIDGER,NONE,,"LOW",True,"","\bafter\s+\w+\s+had\s+(spoken|said)\b","And after Alma had said these words, both Alma and"
"Mosiah 19:7",FRAME_MORMON_ABRIDGER,EMBED_SPEECH,Gideon,"HIGH",False,"\bsaying\s*[:;,]","","And now the king cried out in the anguish of his s"
"Mosiah 20:14",FRAME_MORMON_ABRIDGER,EMBED_SPEECH,Limhi,"HIGH",False,"\band\s+(\w+)\s+said\s+unto\b","","But Limhi said unto them: Ye shall not slay him, b"
"Mosiah 20:24",FRAME_MORMON_ABRIDGER,EMBED_SPEECH,,"MEDIUM",True,"\band\s+(\w+)\s+said\s+unto\b","","And it came to pass that the king was pacified tow"
"Mosiah 22:5",FRAME_MORMON_ABRIDGER,EMBED_SPEECH,Gideon,"HIGH",False,"\band\s+(\w+)\s+said\s+unto\b","","And the king granted unto him that he might speak."
"Mosiah 24:13",FRAME_MORMON_ABRIDGER,EMBED_SPEECH,Lord,"HIGH",False,"\bsaying\s*[:;,]","","And it came to pass that the voice of the Lord cam"
"Mosiah 24:16",FRAME_MORMON_ABRIDGER,EMBED_SPEECH,,"MEDIUM",True,"\bsaying\s*[:;,]","","And it came to pass that so great was their faith "
"Mosiah 24:17",FRAME_MORMON_ABRIDGER,EMBED_SPEECH,Alma,"HIGH",False,"\band\s+(\w+)\s+said\s+unto\b","","And he said unto Alma: Thou shalt go before this p"
"Mosiah 25:14",FRAME_MORMON_ABRIDGER,NONE,,"LOW",True,"","\bhad\s+(made\s+an\s+end|finished)\s+(of","And now it came to pass that when Mosiah had made "
"Mosiah 25:17",FRAME_MORMON_ABRIDGER,NONE,,"LOW",True,"","\bhad\s+(made\s+an\s+end|finished)\s+(of","And it came to pass that after Alma had taught the"
"Mosiah 26:11",FRAME_MORMON_ABRIDGER,EMBED_SPEECH,,"MEDIUM",True,"\band\s+(\w+)\s+said\s+unto\b","","And he said unto the king: Behold, here are many w"
"Mosiah 26:14",FRAME_MORMON_ABRIDGER,EMBED_SPEECH,God,"HIGH",False,"\bsaying\s*[:;,]","","And it came to pass that after he had poured out h"
"Mosiah 27:12",FRAME_MORMON_ABRIDGER,EMBED_SPEECH,,"MEDIUM",True,"\bhe\s+spake\s+unto\s+them\b","","And so great was their astonishment, that they fel"
"Mosiah 27:13",FRAME_MORMON_ABRIDGER,EMBED_SPEECH,Alma,"HIGH",False,"\bsaying\s*[:;,]","","Nevertheless he cried again, saying: Alma, arise a"
"Mosiah 27:23",FRAME_MORMON_ABRIDGER,EMBED_SPEECH,,"MEDIUM",True,"\b(began|did)\s+to\s+(say|teach|preach|s","","And it came to pass after they had fasted and pray"
"Mosiah 29:2",FRAME_MORMON_ABRIDGER,EMBED_SPEECH,,"MEDIUM",True,"\bsaying\s*[:;,]","","And it came to pass that the voice of the people c"
"Mosiah 29:4",FRAME_MORMON_ABRIDGER,EMBED_SPEECH,Mosiah,"HIGH",False,"\bsaying\s*[:;,]","","Therefore king Mosiah sent again among the people;"
"Alma 2:23",FRAME_MORMON_ABRIDGER,EMBED_SPEECH,Nephi,"HIGH",False,"\bsaying\s*[:;,]","","And it came to pass that on the morrow they return"
"Alma 2:30",FRAME_MORMON_ABRIDGER,EMBED_SPEECH,Alma,"HIGH",False,"\bsaying\s*[:;,]","","And it came to pass that Alma, being a man of God,"
"Alma 2:31",FRAME_MORMON_ABRIDGER,NONE,,"LOW",True,"","\bwhen\s+\w+\s+had\s+(spoken|said|finish","Now when Alma had said these words he contended ag"
"Alma 3:1",FRAME_MORMON_ABRIDGER,NONE,,"LOW",True,"","\bafter\s+(he|she|they)\s+had\s+(spoken|","And it came to pass that the Nephites who were not"
"Alma 3:14",FRAME_MORMON_ABRIDGER,EMBED_SPEECH,God,"HIGH",False,"\bthese are the words (of|which)\b","","Thus the word of God is fulfilled, for these are t"
"Alma 5:2",FRAME_MORMON_ABRIDGER,EMBED_SPEECH,,"MEDIUM",True,"\bthese are the words (of|which)\b","","And these are the words which he spake to the peop"
"Alma 5:51",FRAME_MORMON_ABRIDGER,EMBED_SPEECH,,"MEDIUM",True,"\bsaying\s*[:;,]","","And also the Spirit saith unto me, yea, crieth unt"
"Alma 5:62",FRAME_MORMON_ABRIDGER,EMBED_SPEECH,,"MEDIUM",True,"\bsaying\s*[:;,]","","I speak by way of command unto you that belong to "
"Alma 6:1",FRAME_MORMON_ABRIDGER,NONE,,"LOW",True,"","\bhad\s+(made\s+an\s+end|finished)\s+(of","And now it came to pass that after Alma had made a"
"Alma 6:8",FRAME_MORMON_ABRIDGER,NONE,,"LOW",True,"","\bamen\b","And Alma went and began to declare the word of God"
"Alma 7:9",FRAME_MORMON_ABRIDGER,EMBED_SPEECH,,"MEDIUM",True,"\bsaying\s*[:;,]","","But behold, the Spirit hath said this much unto me"
"Alma 7:27",FRAME_MORMON_ABRIDGER,NONE,,"LOW",True,"","\bamen\b","And now, may the peace of God rest upon you, and u"
"Alma 8:4",FRAME_MORMON_ABRIDGER,EMBED_SPEECH,,"MEDIUM",True,"\b(began|did)\s+to\s+(say|teach|preach|s","","And he began to teach the people in the land of Me"
"Alma 8:8",FRAME_MORMON_ABRIDGER,EMBED_SPEECH,Alma,"HIGH",False,"\b(began|did)\s+to\s+(say|teach|preach|s","","And it came to pass that when Alma had come to the"
"Alma 8:14",FRAME_MORMON_ABRIDGER,EMBED_SPEECH,,"MEDIUM",True,"\bsaying\s*[:;,]","","And it came to pass that while he was journeying t"
"Alma 8:19",FRAME_MORMON_ABRIDGER,EMBED_SPEECH,,"MEDIUM",True,"\band\s+he\s+said\b","","And as he entered the city he was an hungered, and"
"Alma 8:27",FRAME_MORMON_ABRIDGER,EMBED_SPEECH,Alma,"HIGH",False,"\b(began|did)\s+to\s+(say|teach|preach|s","","And Alma tarried many days with Amulek before he b"
"Alma 8:29",FRAME_MORMON_ABRIDGER,EMBED_SPEECH,Alma,"HIGH",False,"\bsaying\s*[:;,]","","And the word came to Alma, saying: Go; and also sa"
"Alma 8:32",FRAME_MORMON_ABRIDGER,EMBED_SPEECH,,"MEDIUM",True,"\b(began|did)\s+to\s+(say|teach|preach|s","","And it came to pass that they went forth and began"
"Alma 9:1",FRAME_MORMON_ABRIDGER,EMBED_SPEECH,Alma,"HIGH",False,"\b(began|did)\s+to\s+(say|teach|preach|s","","And again, I, Alma, having been commanded of God t"
"Alma 9:4",FRAME_MORMON_ABRIDGER,EMBED_SPEECH,,"MEDIUM",True,"\band\s+they\s+said\b","","And they said also: We will not believe thy words "
"Alma 9:6",FRAME_MORMON_ABRIDGER,EMBED_SPEECH,God,"HIGH",False,"\band\s+they\s+said\b","","And they said: Who is God, that sendeth no more au"
"Alma 9:7",FRAME_MORMON_ABRIDGER,EMBED_SPEECH,,"MEDIUM",True,"\bsaying\s*[:;,]","","And they stood forth to lay their hands on me; but"
"Alma 9:25",FRAME_MORMON_ABRIDGER,EMBED_SPEECH,Lord,"HIGH",False,"\bsaying\s*[:;,]","","And now for this cause, that ye may not be destroy"
"Alma 9:34",FRAME_MORMON_ABRIDGER,EMBED_SPEECH,Amulek,"HIGH",False,"\b(began|did)\s+to\s+(say|teach|preach|s","","And it came to pass that Amulek went and stood for"
"Alma 10:1",FRAME_MORMON_ABRIDGER,EMBED_SPEECH,Amulek,"HIGH",False,"\bthese are the words (of|which)\b","","Now these are the words which Amulek preached unto"
"Alma 10:12",FRAME_MORMON_ABRIDGER,NONE,,"LOW",True,"","\bwhen\s+\w+\s+had\s+(spoken|said|finish","And now, when Amulek had spoken these words the pe"
"Alma 10:17",FRAME_MORMON_ABRIDGER,EMBED_SPEECH,Amulek,"HIGH",False,"\band\s+(\w+)\s+said\s+unto\b","","Now they knew not that Amulek could know of their "
"Alma 10:24",FRAME_MORMON_ABRIDGER,EMBED_SPEECH,Amulek,"HIGH",False,"\b(and|now)\s+\w+\s+(said|saith|spake|cr","","And now it came to pass that the people were more "
"Alma 10:25",FRAME_MORMON_ABRIDGER,EMBED_SPEECH,Amulek,"HIGH",False,"\bsaying\s*[:;,]","","But Amulek stretched forth his hand, and cried the"
"Alma 10:28",FRAME_MORMON_ABRIDGER,EMBED_SPEECH,Amulek,"HIGH",False,"\bsaying\s*[:;,]","\bwhen\s+\w+\s+had\s+(spoken|said|finish","And now it came to pass that when Amulek had spoke"
"Alma 11:21",FRAME_MORMON_ABRIDGER,EMBED_SPEECH,Amulek,"HIGH",False,"\bsaying\s*[:;,]","","And this Zeezrom began to question Amulek, saying:"
"Alma 11:22",FRAME_MORMON_ABRIDGER,EMBED_SPEECH,Amulek,"HIGH",False,"\band\s+(\w+)\s+said\s+unto\b","","And Amulek said unto him: Yea, if it be according "
"Alma 11:26",FRAME_MORMON_ABRIDGER,EMBED_SPEECH,God,"HIGH",False,"\band\s+(\w+)\s+said\s+unto\b","","And Zeezrom said unto him: Thou sayest there is a "
"Alma 11:31",FRAME_MORMON_ABRIDGER,EMBED_SPEECH,Angel,"HIGH",False,"\band\s+he\s+said\b","","And he said: An angel hath made them known unto me"
"Alma 11:33",FRAME_MORMON_ABRIDGER,EMBED_SPEECH,,"MEDIUM",True,"\band\s+(\w+)\s+said\s+unto\b","","And he said unto him, Yea."
"Alma 11:39",FRAME_MORMON_ABRIDGER,EMBED_SPEECH,Amulek,"HIGH",False,"\band\s+(\w+)\s+said\s+unto\b","","And Amulek said unto him: Yea, he is the very Eter"
"Alma 11:46",FRAME_MORMON_ABRIDGER,NONE,,"LOW",True,"","\b(and\s+)?(thus|now)\s+ended\s+the\s+(w","Now, when Amulek had finished these words the peop"
"Alma 12:1",FRAME_MORMON_ABRIDGER,EMBED_SPEECH,Alma,"HIGH",False,"\b(began|did)\s+to\s+(say|teach|preach|s","","Now Alma, seeing that the words of Amulek had sile"
"Alma 12:7",FRAME_MORMON_ABRIDGER,NONE,,"LOW",True,"","\bwhen\s+\w+\s+had\s+(spoken|said|finish","Now when Alma had spoken these words, Zeezrom bega"
"Alma 12:8",FRAME_MORMON_ABRIDGER,EMBED_SPEECH,Zeezrom,"HIGH",False,"\band\s+(\w+)\s+said\s+unto\b","","And Zeezrom began to inquire of them diligently, t"
"Alma 12:9",FRAME_MORMON_ABRIDGER,EMBED_SPEECH,Alma,"HIGH",False,"\bsaying\s*[:;,]","","And now Alma began to expound these things unto hi"
"Alma 12:19",FRAME_MORMON_ABRIDGER,NONE,,"LOW",True,"","\bhad\s+(made\s+an\s+end|finished)\s+(of","Now it came to pass that when Alma had made an end"
"Alma 12:33",FRAME_MORMON_ABRIDGER,EMBED_SPEECH,God,"HIGH",False,"\bsaying\s*[:;,]","","But God did call on men, in the name of his Son, ("
"Alma 13:9",FRAME_MORMON_ABRIDGER,NONE,,"LOW",True,"","\bamen\b","Thus they become high priests forever, after the o"
"Alma 13:21",FRAME_MORMON_ABRIDGER,EMBED_SPEECH,Alma,"HIGH",False,"\bsaying\s*[:;,]","\bwhen\s+\w+\s+had\s+(spoken|said|finish","And now it came to pass that when Alma had said th"
"Alma 14:1",FRAME_MORMON_ABRIDGER,NONE,,"LOW",True,"","\bhad\s+(made\s+an\s+end|finished)\s+(of","And it came to pass after he had made an end of sp"
"Alma 14:7",FRAME_MORMON_ABRIDGER,EMBED_SPEECH,,"MEDIUM",True,"\bsaying\s*[:;,]","","And it came to pass that he began to cry unto the "
"Alma 14:10",FRAME_MORMON_ABRIDGER,EMBED_SPEECH,Amulek,"HIGH",False,"\band\s+(\w+)\s+said\s+unto\b","","And when Amulek saw the pains of the women and chi"
"Alma 14:20",FRAME_MORMON_ABRIDGER,EMBED_SPEECH,,"MEDIUM",True,"\bsaying\s*[:;,]","","And it came to pass that they departed and went th"
"Alma 14:21",FRAME_MORMON_ABRIDGER,EMBED_SPEECH,,"MEDIUM",True,"\bsaying\s*[:;,]","","And many such things did they say unto them, gnash"
"Alma 14:26",FRAME_MORMON_ABRIDGER,EMBED_SPEECH,Alma,"HIGH",False,"\b(and|now)\s+\w+\s+(said|saith|spake|cr","","And Alma cried, saying: How long shall we suffer t"
"Alma 15:9",FRAME_MORMON_ABRIDGER,EMBED_SPEECH,,"MEDIUM",True,"\band\s+he\s+said\b","","And he said: Yea, I believe according to thy words"
"Alma 15:10",FRAME_MORMON_ABRIDGER,EMBED_SPEECH,Alma,"HIGH",False,"\bsaying\s*[:;,]","","And then Alma cried unto the Lord, saying: O Lord "
"Alma 15:11",FRAME_MORMON_ABRIDGER,NONE,,"LOW",True,"","\bwhen\s+\w+\s+had\s+(spoken|said|finish","And when Alma had said these words, Zeezrom leaped"
"Alma 17:23",FRAME_MORMON_ABRIDGER,EMBED_SPEECH,Ammon,"HIGH",False,"\band\s+(\w+)\s+said\s+unto\b","","And Ammon said unto him: Yea, I desire to dwell am"
"Alma 17:28",FRAME_MORMON_ABRIDGER,EMBED_SPEECH,,"MEDIUM",True,"\bsaying\s*[:;,]","","Now the servants of the king began to murmur, sayi"
"Alma 17:31",FRAME_MORMON_ABRIDGER,EMBED_SPEECH,,"MEDIUM",True,"\bsaying\s*[:;,]","","And it came to pass that he flattered them by his "
"Alma 18:8",FRAME_MORMON_ABRIDGER,EMBED_SPEECH,Lamoni,"HIGH",False,"\bsaying\s*[:;,]","","And it came to pass that king Lamoni inquired of h"
"Alma 18:9",FRAME_MORMON_ABRIDGER,EMBED_SPEECH,,"MEDIUM",True,"\band\s+(\w+)\s+said\s+unto\b","","And they said unto him: Behold, he is feeding thy "
"Alma 18:10",FRAME_MORMON_ABRIDGER,EMBED_SPEECH,Ammon,"HIGH",False,"\bsaying\s*[:;,]","","Now when king Lamoni heard that Ammon was preparin"
"Alma 18:16",FRAME_MORMON_ABRIDGER,EMBED_SPEECH,Ammon,"HIGH",False,"\band\s+(\w+)\s+said\s+unto\b","","And it came to pass that Ammon, being filled with "
"Alma 18:24",FRAME_MORMON_ABRIDGER,EMBED_SPEECH,Ammon,"HIGH",False,"\b(began|did)\s+to\s+(say|teach|preach|s","","And Ammon began to speak unto him with boldness, a"
"Alma 18:27",FRAME_MORMON_ABRIDGER,EMBED_SPEECH,,"MEDIUM",True,"\band\s+he\s+said\b","","And he said, Yea."
"Alma 18:28",FRAME_MORMON_ABRIDGER,EMBED_SPEECH,Ammon,"HIGH",False,"\band\s+(\w+)\s+said\s+unto\b","","And Ammon said: This is God. And Ammon said unto h"
"Alma 18:29",FRAME_MORMON_ABRIDGER,EMBED_SPEECH,,"MEDIUM",True,"\band\s+he\s+said\b","","And he said: Yea, I believe that he created all th"
"Alma 18:30",FRAME_MORMON_ABRIDGER,EMBED_SPEECH,Ammon,"HIGH",False,"\band\s+(\w+)\s+said\s+unto\b","","And Ammon said unto him: The heavens is a place wh"
"Alma 18:36",FRAME_MORMON_ABRIDGER,NONE,,"LOW",True,"","\bwhen\s+\w+\s+had\s+(spoken|said|finish","Now when Ammon had said these words, he began at t"
"Alma 18:40",FRAME_MORMON_ABRIDGER,NONE,,"LOW",True,"","\bafter\s+\w+\s+had\s+(spoken|said)\b","And it came to pass that after he had said all the"
"Alma 18:41",FRAME_MORMON_ABRIDGER,EMBED_SPEECH,Lord,"HIGH",False,"\bsaying\s*[:;,]","","And he began to cry unto the Lord, saying: O Lord,"
"Alma 18:42",FRAME_MORMON_ABRIDGER,NONE,,"LOW",True,"","\bwhen\s+(he|she|they)\s+had\s+(spoken|s","And now, when he had said this, he fell unto the e"
"Alma 19:4",FRAME_MORMON_ABRIDGER,EMBED_SPEECH,,"MEDIUM",True,"\band\s+(\w+)\s+said\s+unto\b","","And she said unto him: The servants of my husband "
"Alma 19:8",FRAME_MORMON_ABRIDGER,EMBED_SPEECH,God,"HIGH",False,"\band\s+(\w+)\s+said\s+unto\b","","And he said unto the queen: He is not dead, but he"
"Alma 19:9",FRAME_MORMON_ABRIDGER,EMBED_SPEECH,Ammon,"HIGH",False,"\band\s+(\w+)\s+said\s+unto\b","","And Ammon said unto her: Believest thou this? And "
"Alma 19:10",FRAME_MORMON_ABRIDGER,EMBED_SPEECH,Ammon,"HIGH",False,"\band\s+(\w+)\s+said\s+unto\b","","And Ammon said unto her: Blessed art thou because "
"Alma 19:13",FRAME_MORMON_ABRIDGER,NONE,,"LOW",True,"","\bwhen\s+\w+\s+had\s+(spoken|said|finish","For as sure as thou livest, behold, I have seen my"
"Alma 19:20",FRAME_MORMON_ABRIDGER,EMBED_SPEECH,,"MEDIUM",True,"\bsaying\s*[:;,]","","But others rebuked them, saying: The king hath bro"
"Alma 19:27",FRAME_MORMON_ABRIDGER,EMBED_SPEECH,Ammon,"HIGH",False,"\band\s+they\s+said\b","","And there were some who said that Ammon was sent b"
"Alma 19:29",FRAME_MORMON_ABRIDGER,EMBED_SPEECH,,"MEDIUM",True,"\bsaying\s*[:;,]","","And it came to pass that she went and took the que"
"Alma 19:30",FRAME_MORMON_ABRIDGER,NONE,,"LOW",True,"","\bwhen\s+(he|she|they)\s+had\s+(spoken|s","And when she had said this, she clasped her hands,"
"Alma 20:2",FRAME_MORMON_ABRIDGER,EMBED_SPEECH,Ammon,"HIGH",False,"\bsaying\s*[:;,]","","And the voice of the Lord came to Ammon, saying: T"
"Alma 20:5",FRAME_MORMON_ABRIDGER,EMBED_SPEECH,Ammon,"HIGH",False,"\band\s+(\w+)\s+said\s+unto\b","","And Ammon said unto him: No one hath told me, save"
"Alma 20:7",FRAME_MORMON_ABRIDGER,EMBED_SPEECH,Ammon,"HIGH",False,"\band\s+(\w+)\s+said\s+unto\b","","And he said unto Ammon: Come, I will go with thee "
"Alma 20:19",FRAME_MORMON_ABRIDGER,EMBED_SPEECH,Ammon,"HIGH",False,"\bsaying\s*[:;,]","\bwhen\s+\w+\s+had\s+(spoken|said|finish","Now when Ammon had said these words unto him, he a"
"Alma 20:25",FRAME_MORMON_ABRIDGER,NONE,,"LOW",True,"","\bwhen\s+\w+\s+had\s+(spoken|said|finish","Now when Ammon had said these words, the king bega"
"Alma 21:4",FRAME_MORMON_ABRIDGER,EMBED_SPEECH,Aaron,"HIGH",False,"\b(began|did)\s+to\s+(say|teach|preach|s","","And it came to pass that Aaron came to the city of"
"Alma 21:5",FRAME_MORMON_ABRIDGER,EMBED_SPEECH,Aaron,"HIGH",False,"\bsaying\s*[:;,]","","Therefore, as Aaron entered into one of their syna"
"Alma 22:4",FRAME_MORMON_ABRIDGER,EMBED_SPEECH,Aaron,"HIGH",False,"\band\s+(\w+)\s+said\s+unto\b","","And Aaron said unto the king: Behold, the Spirit o"
"Alma 22:8",FRAME_MORMON_ABRIDGER,EMBED_SPEECH,Aaron,"HIGH",False,"\band\s+he\s+said\b","","And now when Aaron heard this, his heart began to "
"Alma 22:10",FRAME_MORMON_ABRIDGER,EMBED_SPEECH,Aaron,"HIGH",False,"\band\s+(\w+)\s+said\s+unto\b","","And Aaron said unto him: Yea, he is that Great Spi"
"Alma 22:11",FRAME_MORMON_ABRIDGER,EMBED_SPEECH,,"MEDIUM",True,"\band\s+he\s+said\b","","And he said: Yea, I believe that the Great Spirit "
"Alma 22:17",FRAME_MORMON_ABRIDGER,EMBED_SPEECH,Aaron,"HIGH",False,"\bsaying\s*[:;,]","\bwhen\s+\w+\s+had\s+(spoken|said|finish","And it came to pass that when Aaron had said these"
"Alma 22:20",FRAME_MORMON_ABRIDGER,EMBED_SPEECH,,"MEDIUM",True,"\bsaying\s*[:;,]","","Now the servants had seen the cause of the king's "
"Alma 24:7",FRAME_MORMON_ABRIDGER,EMBED_SPEECH,,"MEDIUM",True,"\bthese are the words (of|which)\b","","Now, these are the words which he said unto the pe"
"Alma 25:12",FRAME_MORMON_ABRIDGER,EMBED_SPEECH,Noah,"HIGH",False,"\band\s+(\w+)\s+said\s+unto\b","","And he said unto the priests of Noah that their se"
"Alma 26:1",FRAME_MORMON_ABRIDGER,EMBED_SPEECH,Ammon,"HIGH",False,"\bthese are the words (of|which)\b","","And now, these are the words of Ammon to his breth"
"Alma 26:10",FRAME_MORMON_ABRIDGER,EMBED_SPEECH,Ammon,"HIGH",False,"\bsaying\s*[:;,]","\bwhen\s+\w+\s+had\s+(spoken|said|finish","And it came to pass that when Ammon had said these"
"Alma 26:37",FRAME_MORMON_ABRIDGER,NONE,,"LOW",True,"","\bamen\b","Now my brethren, we see that God is mindful of eve"
"Alma 27:4",FRAME_MORMON_ABRIDGER,EMBED_SPEECH,Ammon,"HIGH",False,"\band\s+(\w+)\s+said\s+unto\b","","Now when Ammon and his brethren saw this work of d"
"Alma 27:22",FRAME_MORMON_ABRIDGER,EMBED_SPEECH,,"MEDIUM",True,"\bsaying\s*[:;,]","","And it came to pass that the voice of the people c"
"Alma 29:17",FRAME_MORMON_ABRIDGER,NONE,,"LOW",True,"","\bamen\b","And now may God grant unto these, my brethren, tha"
"Alma 30:6",FRAME_MORMON_ABRIDGER,EMBED_SPEECH,,"MEDIUM",True,"\b(began|did)\s+to\s+(say|teach|preach|s","","But it came to pass in the latter end of the seven"
"Alma 30:12",FRAME_MORMON_ABRIDGER,EMBED_SPEECH,Christ,"HIGH",False,"\b(began|did)\s+to\s+(say|teach|preach|s","","And this Anti-Christ, whose name was Korihor, (and"
"Alma 30:21",FRAME_MORMON_ABRIDGER,EMBED_SPEECH,,"MEDIUM",True,"\b(began|did)\s+to\s+(say|teach|preach|s","","And it came to pass that he caused that he should "
"Alma 30:23",FRAME_MORMON_ABRIDGER,EMBED_SPEECH,Korihor,"HIGH",False,"\band\s+(\w+)\s+said\s+unto\b","","Now the high priest's name was Giddonah. And Korih"
"Alma 30:45",FRAME_MORMON_ABRIDGER,EMBED_SPEECH,,"MEDIUM",True,"\band\s+he\s+said\b","","And yet do ye go about, leading away the hearts of"
"Alma 30:50",FRAME_MORMON_ABRIDGER,NONE,,"LOW",True,"","\bwhen\s+\w+\s+had\s+(spoken|said|finish","Now when Alma had said these words, Korihor was st"
"Alma 30:51",FRAME_MORMON_ABRIDGER,EMBED_SPEECH,,"MEDIUM",True,"\bsaying\s*[:;,]","","And now when the chief judge saw this, he put fort"
"Alma 30:52",FRAME_MORMON_ABRIDGER,EMBED_SPEECH,Korihor,"HIGH",False,"\bsaying\s*[:;,]","","And Korihor put forth his hand and wrote, saying: "
"Alma 30:53",FRAME_MORMON_ABRIDGER,EMBED_SPEECH,,"MEDIUM",True,"\band\s+(\w+)\s+said\s+unto\b","","But behold, the devil hath deceived me; for he app"
"Alma 30:54",FRAME_MORMON_ABRIDGER,NONE,,"LOW",True,"","\bwhen\s+(he|she|they)\s+had\s+(spoken|s","Now when he had said this, he besought that Alma s"
"Alma 31:14",FRAME_MORMON_ABRIDGER,EMBED_SPEECH,,"MEDIUM",True,"\bsaying\s*[:;,]","","Therefore, whosoever desired to worship must go fo"
"Alma 31:18",FRAME_MORMON_ABRIDGER,NONE,,"LOW",True,"","\bamen\b","And again we thank thee, O God, that we are a chos"
"Alma 31:26",FRAME_MORMON_ABRIDGER,EMBED_SPEECH,Lord,"HIGH",False,"\bsaying\s*[:;,]","","And he lifted up his voice to heaven, and cried, s"
"Alma 31:36",FRAME_MORMON_ABRIDGER,NONE,,"LOW",True,"","\bwhen\s+\w+\s+had\s+(spoken|said|finish","Now it came to pass that when Alma had said these "
"Alma 32:1",FRAME_MORMON_ABRIDGER,EMBED_SPEECH,God,"HIGH",False,"\b(began|did)\s+to\s+(say|teach|preach|s","","And it came to pass that they did go forth, and be"
"Alma 33:1",FRAME_MORMON_ABRIDGER,NONE,,"LOW",True,"","\bafter\s+\w+\s+had\s+(spoken|said)\b","Now after Alma had spoken these words, they sent f"
"Alma 33:2",FRAME_MORMON_ABRIDGER,EMBED_SPEECH,Alma,"HIGH",False,"\band\s+(\w+)\s+said\s+unto\b","","And Alma said unto them: Behold, ye have said that"
"Alma 33:23",FRAME_MORMON_ABRIDGER,NONE,,"LOW",True,"","\bamen\b","And now, my brethren, I desire that ye shall plant"
"Alma 34:1",FRAME_MORMON_ABRIDGER,EMBED_SPEECH,Alma,"HIGH",False,"\b(began|did)\s+to\s+(say|teach|preach|s","\bafter\s+\w+\s+had\s+(spoken|said)\b","And now it came to pass that after Alma had spoken"
"Alma 36:9",FRAME_MORMON_ABRIDGER,EMBED_SPEECH,,"MEDIUM",True,"\band\s+(\w+)\s+said\s+unto\b","","And he said unto me: If thou wilt of thyself be de"
"Alma 37:13",FRAME_MORMON_ABRIDGER,EMBED_SPEECH,Helaman,"HIGH",False,"\band\s+he\s+said\b","","O remember, remember, my son Helaman, how strict a"
"Alma 37:24",FRAME_MORMON_ABRIDGER,EMBED_SPEECH,God,"HIGH",False,"\bsaying\s*[:;,]","","And now, my son, these interpreters were prepared "
"Alma 42:31",FRAME_MORMON_ABRIDGER,NONE,,"LOW",True,"","\bamen\b","And now, O my son, ye are called of God to preach "
"Alma 44:1",FRAME_MORMON_ABRIDGER,EMBED_SPEECH,Moroni,"HIGH",False,"\band\s+(\w+)\s+said\s+unto\b","","And it came to pass that they did stop and withdre"
"Alma 44:10",FRAME_MORMON_ABRIDGER,EMBED_SPEECH,Moroni,"HIGH",False,"\bsaying\s*[:;,]","\bhad\s+(made\s+an\s+end|finished)\s+(of","And now when Zerahemnah had made an end of speakin"
"Alma 44:12",FRAME_MORMON_ABRIDGER,NONE,,"LOW",True,"","\bwhen\s+\w+\s+had\s+(spoken|said|finish","And now when Moroni had said these words, Zerahemn"
"Alma 45:3",FRAME_MORMON_ABRIDGER,EMBED_SPEECH,Helaman,"HIGH",False,"\band\s+(\w+)\s+said\s+unto\b","","And Helaman said unto him: Yea, I believe."
"Alma 45:5",FRAME_MORMON_ABRIDGER,EMBED_SPEECH,,"MEDIUM",True,"\band\s+he\s+said\b","","And he said: Yea, I believe all the words which th"
"Alma 45:6",FRAME_MORMON_ABRIDGER,EMBED_SPEECH,Alma,"HIGH",False,"\band\s+(\w+)\s+said\s+unto\b","","And Alma said unto him again: Will ye keep my comm"
"Alma 45:7",FRAME_MORMON_ABRIDGER,EMBED_SPEECH,,"MEDIUM",True,"\band\s+he\s+said\b","","And he said: Yea, I will keep thy commandments wit"
"Alma 45:15",FRAME_MORMON_ABRIDGER,NONE,,"LOW",True,"","\bafter\s+\w+\s+had\s+(spoken|said)\b","And now it came to pass that after Alma had said t"
"Alma 45:16",FRAME_MORMON_ABRIDGER,EMBED_SPEECH,God,"HIGH",False,"\band\s+he\s+said\b","","And he said: Thus saith the Lord God--Cursed shall"
"Alma 45:17",FRAME_MORMON_ABRIDGER,NONE,,"LOW",True,"","\bwhen\s+\w+\s+had\s+(spoken|said|finish","And now, when Alma had said these words he blessed"
"Alma 46:18",FRAME_MORMON_ABRIDGER,EMBED_SPEECH,God,"HIGH",False,"\band\s+he\s+said\b","","And he said: Surely God shall not suffer that we, "
"Alma 46:19",FRAME_MORMON_ABRIDGER,EMBED_SPEECH,Moroni,"HIGH",False,"\bsaying\s*[:;,]","\bwhen\s+\w+\s+had\s+(spoken|said|finish","And when Moroni had said these words, he went fort"
"Alma 46:22",FRAME_MORMON_ABRIDGER,EMBED_SPEECH,,"MEDIUM",True,"\bsaying\s*[:;,]","","Now this was the covenant which they made, and the"
"Alma 46:24",FRAME_MORMON_ABRIDGER,EMBED_SPEECH,,"MEDIUM",True,"\band\s+he\s+said\b","","Yea, let us preserve our liberty as a remnant of J"
"Alma 46:28",FRAME_MORMON_ABRIDGER,NONE,,"LOW",True,"","\bwhen\s+\w+\s+had\s+(spoken|said|finish","And now it came to pass that when Moroni had said "
"Alma 47:25",FRAME_MORMON_ABRIDGER,EMBED_SPEECH,Amalickiah,"HIGH",False,"\bsaying\s*[:;,]","","Now the servants of the king fled; and the servant"
"Alma 47:34",FRAME_MORMON_ABRIDGER,EMBED_SPEECH,Amalickiah,"HIGH",False,"\band\s+they\s+said\b","","And it came to pass that Amalickiah took the same "
"Alma 50:19",FRAME_MORMON_ABRIDGER,EMBED_SPEECH,Lord,"HIGH",False,"\bsaying\s*[:;,]","","And thus we see how merciful and just are all the "
"Alma 54:4",FRAME_MORMON_ABRIDGER,EMBED_SPEECH,,"MEDIUM",True,"\bthese are the words (of|which)\b","","Therefore he wrote an epistle, and sent it by the "
"Alma 54:15",FRAME_MORMON_ABRIDGER,EMBED_SPEECH,,"MEDIUM",True,"\bthese are the words (of|which)\b","","Now it came to pass that Ammoron, when he had rece"
"Alma 55:2",FRAME_MORMON_ABRIDGER,EMBED_SPEECH,,"MEDIUM",True,"\band\s+he\s+said\b","","And he said: Behold, I will not exchange prisoners"
"Alma 55:4",FRAME_MORMON_ABRIDGER,NONE,,"LOW",True,"","\bwhen\s+\w+\s+had\s+(spoken|said|finish","And now it came to pass that when Moroni had said "
"Alma 55:9",FRAME_MORMON_ABRIDGER,EMBED_SPEECH,,"MEDIUM",True,"\band\s+(\w+)\s+said\s+unto\b","","Now when the Lamanites heard these words they rece"
"Alma 55:12",FRAME_MORMON_ABRIDGER,EMBED_SPEECH,,"MEDIUM",True,"\band\s+(\w+)\s+said\s+unto\b","","And Laman said unto them: You may do according to "
"Alma 56:1",FRAME_MORMON_ABRIDGER,EMBED_DOCUMENT,,"MEDIUM",False,"","","And now it came to pass in the commencement of the"
"Alma 56:2",FRAME_MORMON_ABRIDGER,EMBED_SPEECH,,"MEDIUM",True,"\bthese are the words (of|which)\b","","And these are the words which he wrote, saying: My"
"Alma 56:48",FRAME_MORMON_ABRIDGER,EMBED_SPEECH,,"MEDIUM",True,"\bsaying\s*[:;,]","","And they rehearsed unto me the words of their moth"
"Alma 57:1",FRAME_MORMON_ABRIDGER,EMBED_DOCUMENT,,"MEDIUM",False,"","","And now it came to pass that I received an epistle"
"Alma 57:2",FRAME_MORMON_ABRIDGER,EMBED_DOCUMENT,,"MEDIUM",False,"","","But I sent an epistle unto the king, that we were "
"Alma 57:30",FRAME_MORMON_ABRIDGER,EMBED_SPEECH,,"MEDIUM",True,"\bthese are the words (of|which)\b","","And now, these are the words which Gid said unto m"
"Alma 57:31",FRAME_MORMON_ABRIDGER,EMBED_SPEECH,,"MEDIUM",True,"\b(and|now)\s+\w+\s+(said|saith|spake|cr","","And they cried unto us, saying--Behold, the armies"
"Alma 59:3",FRAME_MORMON_ABRIDGER,EMBED_DOCUMENT,,"MEDIUM",False,"","","And it came to pass that he immediately sent an ep"
"Alma 60:1",FRAME_MORMON_ABRIDGER,EMBED_SPEECH,,"MEDIUM",True,"\bthese are the words (of|which)\b","","And it came to pass that he wrote again to the gov"
"Alma 61:1",FRAME_MORMON_ABRIDGER,EMBED_SPEECH,Moroni,"HIGH",False,"\bthese are the words (of|which)\b","","Behold, now it came to pass that soon after Moroni"
"Helaman 5:5",FRAME_MORMON_ABRIDGER,EMBED_SPEECH,Helaman,"HIGH",False,"\bthese are the words (of|which)\b","","For they remembered the words which their father H"
"Helaman 5:26",FRAME_MORMON_ABRIDGER,EMBED_SPEECH,Lehi,"HIGH",False,"\b(began|did)\s+to\s+(say|teach|preach|s","","And it came to pass that Nephi and Lehi did stand "
"Helaman 5:27",FRAME_MORMON_ABRIDGER,NONE,,"LOW",True,"","\bwhen\s+\w+\s+had\s+(spoken|said|finish","And behold, when they had said these words, the ea"
"Helaman 5:29",FRAME_MORMON_ABRIDGER,EMBED_SPEECH,,"MEDIUM",True,"\bsaying\s*[:;,]","","And it came to pass that there came a voice as if "
"Helaman 5:32",FRAME_MORMON_ABRIDGER,EMBED_SPEECH,,"MEDIUM",True,"\bsaying\s*[:;,]","","And behold the voice came again, saying: Repent ye"
"Helaman 5:38",FRAME_MORMON_ABRIDGER,EMBED_SPEECH,,"MEDIUM",True,"\band\s+(\w+)\s+said\s+unto\b","","And they said unto the man: Behold, what do all th"
"Helaman 5:39",FRAME_MORMON_ABRIDGER,EMBED_SPEECH,,"MEDIUM",True,"\band\s+(\w+)\s+said\s+unto\b","","Now the man's name was Aminadab. And Aminadab said"
"Helaman 5:41",FRAME_MORMON_ABRIDGER,EMBED_SPEECH,,"MEDIUM",True,"\band\s+(\w+)\s+said\s+unto\b","","And Aminadab said unto them: You must repent, and "
"Helaman 5:46",FRAME_MORMON_ABRIDGER,EMBED_SPEECH,,"MEDIUM",True,"\bsaying\s*[:;,]","","And it came to pass that there came a voice unto t"
"Helaman 7:13",FRAME_MORMON_ABRIDGER,EMBED_SPEECH,,"MEDIUM",True,"\bopened his mouth and (taught|said|spak","","And it came to pass that he opened his mouth and s"
"Helaman 8:1",FRAME_MORMON_ABRIDGER,EMBED_SPEECH,Nephi,"HIGH",False,"\b(and|now)\s+\w+\s+(said|saith|spake|cr","\bwhen\s+\w+\s+had\s+(spoken|said|finish","And now it came to pass that when Nephi had said t"
"Helaman 8:5",FRAME_MORMON_ABRIDGER,EMBED_SPEECH,,"MEDIUM",True,"\bsaying\s*[:;,]","","Therefore they did cry unto the people, saying: Wh"
"Helaman 8:11",FRAME_MORMON_ABRIDGER,EMBED_SPEECH,,"MEDIUM",True,"\bsaying\s*[:;,]","","Therefore he was constrained to speak more unto th"
"Helaman 9:1",FRAME_MORMON_ABRIDGER,EMBED_SPEECH,Nephi,"HIGH",False,"\band\s+they\s+said\b","\bwhen\s+\w+\s+had\s+(spoken|said|finish","Behold, now it came to pass that when Nephi had sp"
"Helaman 9:12",FRAME_MORMON_ABRIDGER,EMBED_SPEECH,,"MEDIUM",True,"\bsaying\s*[:;,]","","And it came to pass that they inquired among the p"
"Helaman 9:13",FRAME_MORMON_ABRIDGER,EMBED_SPEECH,,"MEDIUM",True,"\bsaying\s*[:;,]","","And it came to pass that the judges desired that t"
"Helaman 9:16",FRAME_MORMON_ABRIDGER,EMBED_SPEECH,,"MEDIUM",True,"\bsaying\s*[:;,]","","And now it came to pass that the judges did expoun"
"Helaman 9:20",FRAME_MORMON_ABRIDGER,EMBED_SPEECH,,"MEDIUM",True,"\bsaying\s*[:;,]","","Saying unto him: Thou art confederate; who is this"
"Helaman 10:3",FRAME_MORMON_ABRIDGER,EMBED_SPEECH,,"MEDIUM",True,"\bsaying\s*[:;,]","","And it came to pass as he was thus pondering--bein"
"Helaman 10:14",FRAME_MORMON_ABRIDGER,EMBED_SPEECH,Nephi,"HIGH",False,"\bsaying\s*[:;,]","","Therefore Nephi did declare unto them the word of "
"Helaman 11:3",FRAME_MORMON_ABRIDGER,EMBED_SPEECH,Nephi,"HIGH",False,"\bsaying\s*[:;,]","","And it came to pass that in this year Nephi did cr"
"Helaman 11:9",FRAME_MORMON_ABRIDGER,EMBED_SPEECH,Nephi,"HIGH",False,"\bsaying\s*[:;,]","","And it came to pass that the judges did say unto N"
"Helaman 12:26",FRAME_MORMON_ABRIDGER,NONE,,"LOW",True,"","\bamen\b","Yea, who shall be consigned to a state of endless "
"Helaman 13:2",FRAME_MORMON_ABRIDGER,EMBED_SPEECH,Samuel,"HIGH",False,"\b(began|did)\s+to\s+(say|teach|preach|s","","And it came to pass that in this year there was on"
"Helaman 13:5",FRAME_MORMON_ABRIDGER,EMBED_SPEECH,Samuel,"HIGH",False,"\band\s+(\w+)\s+said\s+unto\b","","And he said unto them: Behold, I, Samuel, a Lamani"
"Helaman 14:27",FRAME_MORMON_ABRIDGER,EMBED_SPEECH,,"MEDIUM",True,"\band\s+(\w+)\s+said\s+unto\b","","And he said unto me that while the thunder and the"
"Helaman 16:6",FRAME_MORMON_ABRIDGER,EMBED_SPEECH,Samuel,"HIGH",False,"\bsaying\s*[:;,]","","But the more part of them did not believe in the w"
"Helaman 16:7",FRAME_MORMON_ABRIDGER,EMBED_SPEECH,,"MEDIUM",True,"\b(began|did)\s+to\s+(say|teach|preach|s","","And as they went forth to lay their hands on him, "
"Helaman 16:15",FRAME_MORMON_ABRIDGER,EMBED_SPEECH,,"MEDIUM",True,"\bsaying\s*[:;,]","","Nevertheless, the people began to harden their hea"
"Helaman 16:17",FRAME_MORMON_ABRIDGER,EMBED_SPEECH,,"MEDIUM",True,"\bsaying\s*[:;,]","","And they began to reason and to contend among them"
"3 Nephi 1:5",FRAME_MORMON_ABRIDGER,EMBED_SPEECH,,"MEDIUM",True,"\b(began|did)\s+to\s+(say|teach|preach|s","","But there were some who began to say that the time"
"3 Nephi 1:6",FRAME_MORMON_ABRIDGER,EMBED_SPEECH,,"MEDIUM",True,"\bsaying\s*[:;,]","","And they began to rejoice over their brethren, say"
"3 Nephi 1:12",FRAME_MORMON_ABRIDGER,EMBED_SPEECH,Lord,"HIGH",False,"\bsaying\s*[:;,]","","And it came to pass that he cried mightily unto th"
"3 Nephi 1:24",FRAME_MORMON_ABRIDGER,EMBED_SPEECH,,"MEDIUM",True,"\b(began|did)\s+to\s+(say|teach|preach|s","","And there were no contentions, save it were a few "
"3 Nephi 3:1",FRAME_MORMON_ABRIDGER,EMBED_SPEECH,Christ,"HIGH",False,"\bsaying\s*[:;,]","","And now it came to pass that in the sixteenth year"
"3 Nephi 4:28",FRAME_MORMON_ABRIDGER,EMBED_SPEECH,,"MEDIUM",True,"\bsaying\s*[:;,]","","And their leader, Zemnarihah, was taken and hanged"
"3 Nephi 4:30",FRAME_MORMON_ABRIDGER,EMBED_SPEECH,God,"HIGH",False,"\bsaying\s*[:;,]","","And they did rejoice and cry again with one voice,"
"3 Nephi 5:19",FRAME_MORMON_ABRIDGER,EMBED_SPEECH,,"MEDIUM",True,"\bsaying\s*[:;,]","","And now I make an end of my saying, which is of my"
"3 Nephi 5:26",FRAME_MORMON_ABRIDGER,NONE,,"LOW",True,"","\bamen\b","And then shall they know their Redeemer, who is Je"
"3 Nephi 8:24",FRAME_MORMON_ABRIDGER,EMBED_SPEECH,,"MEDIUM",True,"\bsaying\s*[:;,]","","And in one place they were heard to cry, saying: O"
"3 Nephi 8:25",FRAME_MORMON_ABRIDGER,EMBED_SPEECH,,"MEDIUM",True,"\bsaying\s*[:;,]","","And in another place they were heard to cry and mo"
"3 Nephi 10:3",FRAME_MORMON_ABRIDGER,EMBED_SPEECH,,"MEDIUM",True,"\bsaying\s*[:;,]","","And it came to pass that there came a voice again "
"3 Nephi 11:6",FRAME_MORMON_ABRIDGER,EMBED_SPEECH,,"MEDIUM",True,"\band\s+(\w+)\s+said\s+unto\b","","And behold, the third time they did understand the"
"3 Nephi 11:9",FRAME_MORMON_ABRIDGER,EMBED_SPEECH,,"MEDIUM",True,"\bsaying\s*[:;,]","","And it came to pass that he stretched forth his ha"
"3 Nephi 11:12",FRAME_MORMON_ABRIDGER,NONE,,"LOW",True,"","\bwhen\s+\w+\s+had\s+(spoken|said|finish","And it came to pass that when Jesus had spoken the"
"3 Nephi 11:13",FRAME_MORMON_ABRIDGER,EMBED_SPEECH,Lord,"HIGH",False,"\bsaying\s*[:;,]","","And it came to pass that the Lord spake unto them "
"3 Nephi 11:16",FRAME_MORMON_ABRIDGER,EMBED_SPEECH,,"MEDIUM",True,"\bsaying\s*[:;,]","","And when they had all gone forth and had witnessed"
"3 Nephi 11:22",FRAME_MORMON_ABRIDGER,EMBED_SPEECH,Lord,"HIGH",False,"\band\s+(\w+)\s+said\s+unto\b","","And again the Lord called others, and said unto th"
"3 Nephi 11:24",FRAME_MORMON_ABRIDGER,EMBED_SPEECH,,"MEDIUM",True,"\bthese are the words (of|which)\b","","And now behold, these are the words which ye shall"
"3 Nephi 11:25",FRAME_MORMON_ABRIDGER,NONE,,"LOW",True,"","\bamen\b","Having authority given me of Jesus Christ, I bapti"
"3 Nephi 12:1",FRAME_MORMON_ABRIDGER,EMBED_SPEECH,Nephi,"HIGH",False,"\bsaying\s*[:;,]","\bwhen\s+\w+\s+had\s+(spoken|said|finish","And it came to pass that when Jesus had spoken the"
"3 Nephi 13:13",FRAME_MORMON_ABRIDGER,NONE,,"LOW",True,"","\bamen\b","For thine is the kingdom, and the power, and the g"
"3 Nephi 13:25",FRAME_MORMON_ABRIDGER,NONE,,"LOW",True,"","\bwhen\s+\w+\s+had\s+(spoken|said|finish","And now it came to pass that when Jesus had spoken"
"3 Nephi 13:31",FRAME_MORMON_ABRIDGER,EMBED_SPEECH,,"MEDIUM",True,"\bsaying\s*[:;,]","","Therefore take no thought, saying, What shall we e"
"3 Nephi 14:1",FRAME_MORMON_ABRIDGER,EMBED_SPEECH,Jesus,"HIGH",False,"\bsaying\s*[:;,]","\bwhen\s+\w+\s+had\s+(spoken|said|finish","And now it came to pass that when Jesus had spoken"
"3 Nephi 15:2",FRAME_MORMON_ABRIDGER,NONE,,"LOW",True,"","\bwhen\s+\w+\s+had\s+(spoken|said|finish","And it came to pass that when Jesus had said these"
"3 Nephi 15:3",FRAME_MORMON_ABRIDGER,EMBED_SPEECH,,"MEDIUM",True,"\band\s+(\w+)\s+said\s+unto\b","","And he said unto them: Marvel not that I said unto"
"3 Nephi 15:11",FRAME_MORMON_ABRIDGER,NONE,,"LOW",True,"","\bwhen\s+\w+\s+had\s+(spoken|said|finish","And now it came to pass that when Jesus had spoken"
"3 Nephi 17:1",FRAME_MORMON_ABRIDGER,EMBED_SPEECH,Jesus,"HIGH",False,"\band\s+(\w+)\s+said\s+unto\b","\bwhen\s+\w+\s+had\s+(spoken|said|finish","Behold, now it came to pass that when Jesus had sp"
"3 Nephi 17:6",FRAME_MORMON_ABRIDGER,EMBED_SPEECH,,"MEDIUM",True,"\band\s+(\w+)\s+said\s+unto\b","","And he said unto them: Behold, my bowels are fille"
"3 Nephi 17:15",FRAME_MORMON_ABRIDGER,NONE,,"LOW",True,"","\bwhen\s+\w+\s+had\s+(spoken|said|finish","And when he had said these words, he himself also "
"3 Nephi 17:20",FRAME_MORMON_ABRIDGER,EMBED_SPEECH,,"MEDIUM",True,"\band\s+(\w+)\s+said\s+unto\b","","And they arose from the earth, and he said unto th"
"3 Nephi 17:21",FRAME_MORMON_ABRIDGER,NONE,,"LOW",True,"","\bwhen\s+\w+\s+had\s+(spoken|said|finish","And when he had said these words, he wept, and the"
"3 Nephi 18:17",FRAME_MORMON_ABRIDGER,NONE,,"LOW",True,"","\bwhen\s+\w+\s+had\s+(spoken|said|finish","And it came to pass that when Jesus had spoken the"
"3 Nephi 18:26",FRAME_MORMON_ABRIDGER,NONE,,"LOW",True,"","\bwhen\s+\w+\s+had\s+(spoken|said|finish","And now it came to pass that when Jesus had spoken"
"3 Nephi 19:19",FRAME_MORMON_ABRIDGER,EMBED_SPEECH,Jesus,"HIGH",False,"\band\s+he\s+said\b","","And it came to pass that Jesus departed out of the"
"3 Nephi 19:26",FRAME_MORMON_ABRIDGER,EMBED_SPEECH,Jesus,"HIGH",False,"\band\s+(\w+)\s+said\s+unto\b","","And Jesus said unto them: Pray on; nevertheless th"
"3 Nephi 19:27",FRAME_MORMON_ABRIDGER,EMBED_SPEECH,,"MEDIUM",True,"\bsaying\s*[:;,]","","And he turned from them again, and went a little w"
"3 Nephi 19:30",FRAME_MORMON_ABRIDGER,NONE,,"LOW",True,"","\bwhen\s+\w+\s+had\s+(spoken|said|finish","And when Jesus had spoken these words he came agai"
"3 Nephi 20:8",FRAME_MORMON_ABRIDGER,EMBED_SPEECH,,"MEDIUM",True,"\band\s+(\w+)\s+said\s+unto\b","","And he said unto them: He that eateth this bread e"
"3 Nephi 20:23",FRAME_MORMON_ABRIDGER,EMBED_SPEECH,God,"HIGH",False,"\bsaying\s*[:;,]","","Behold, I am he of whom Moses spake, saying: A pro"
"3 Nephi 20:27",FRAME_MORMON_ABRIDGER,EMBED_SPEECH,,"MEDIUM",True,"\bsaying\s*[:;,]","","And after that ye were blessed then fulfilleth the"
"3 Nephi 23:6",FRAME_MORMON_ABRIDGER,NONE,,"LOW",True,"","\bwhen\s+\w+\s+had\s+(spoken|said|finish","And now it came to pass that when Jesus had said t"
"3 Nephi 23:9",FRAME_MORMON_ABRIDGER,EMBED_SPEECH,Samuel,"HIGH",False,"\band\s+(\w+)\s+said\s+unto\b","","Verily I say unto you, I commanded my servant Samu"
"3 Nephi 23:11",FRAME_MORMON_ABRIDGER,EMBED_SPEECH,Jesus,"HIGH",False,"\band\s+(\w+)\s+said\s+unto\b","","And Jesus said unto them: How be it that ye have n"
"3 Nephi 24:1",FRAME_MORMON_ABRIDGER,EMBED_SPEECH,,"MEDIUM",True,"\bthese are the words (of|which)\b","","And it came to pass that he commanded them that th"
"3 Nephi 26:11",FRAME_MORMON_ABRIDGER,EMBED_SPEECH,,"MEDIUM",True,"\bsaying\s*[:;,]","","Behold, I was about to write them, all which were "
"3 Nephi 27:3",FRAME_MORMON_ABRIDGER,EMBED_SPEECH,Lord,"HIGH",False,"\band\s+(\w+)\s+said\s+unto\b","","And they said unto him: Lord, we will that thou wo"
"3 Nephi 28:1",FRAME_MORMON_ABRIDGER,NONE,,"LOW",True,"","\bwhen\s+\w+\s+had\s+(spoken|said|finish","And it came to pass when Jesus had said these word"
"3 Nephi 28:2",FRAME_MORMON_ABRIDGER,EMBED_SPEECH,,"MEDIUM",True,"\bsaying\s*[:;,]","","And they all spake, save it were three, saying: We"
"3 Nephi 28:3",FRAME_MORMON_ABRIDGER,EMBED_SPEECH,,"MEDIUM",True,"\band\s+(\w+)\s+said\s+unto\b","","And he said unto them: Blessed are ye because ye d"
"3 Nephi 28:4",FRAME_MORMON_ABRIDGER,NONE,,"LOW",True,"","\bwhen\s+(he|she|they)\s+had\s+(spoken|s","And when he had spoken unto them, he turned himsel"
"3 Nephi 28:6",FRAME_MORMON_ABRIDGER,EMBED_SPEECH,,"MEDIUM",True,"\band\s+(\w+)\s+said\s+unto\b","","And he said unto them: Behold, I know your thought"
"3 Nephi 28:12",FRAME_MORMON_ABRIDGER,NONE,,"LOW",True,"","\bwhen\s+\w+\s+had\s+(spoken|said|finish","And it came to pass that when Jesus had spoken the"
"3 Nephi 30:1",FRAME_MORMON_ABRIDGER,EMBED_SPEECH,Jesus,"HIGH",False,"\bsaying\s*[:;,]","","Hearken, O ye Gentiles, and hear the words of Jesu"
"Mormon 1:2",FRAME_MORMON_AUTHOR,EMBED_SPEECH,Lord,"HIGH",False,"\band\s+(\w+)\s+said\s+unto\b","","And about the time that Ammaron hid up the records"
"Mormon 3:4",FRAME_MORMON_AUTHOR,EMBED_DOCUMENT,,"MEDIUM",False,"","","And it came to pass that after this tenth year had"
"Mormon 3:14",FRAME_MORMON_AUTHOR,EMBED_SPEECH,Lord,"HIGH",False,"\bsaying\s*[:;,]","","And when they had sworn by all that had been forbi"
"Mormon 7:1",FRAME_MORMON_AUTHOR,EMBED_SPEECH,,"MEDIUM",True,"\bthese are the words (of|which)\b","","And now, behold, I would speak somewhat unto the r"
"Mormon 7:10",FRAME_MORMON_AUTHOR,NONE,,"LOW",True,"","\bamen\b","And ye will also know that ye are a remnant of the"
"Mormon 9:37",FRAME_MORONI_AUTHOR,NONE,,"LOW",True,"","\bamen\b","And may the Lord Jesus Christ grant that their pra"
"Ether 1:38",FRAME_MORONI_ABRIDGER,EMBED_SPEECH,,"MEDIUM",True,"\bsaying\s*[:;,]","","And it came to pass that Jared spake again unto hi"
"Ether 2:18",FRAME_MORONI_ABRIDGER,EMBED_SPEECH,Lord,"HIGH",False,"\bsaying\s*[:;,]","","And it came to pass that the brother of Jared crie"
"Ether 2:22",FRAME_MORONI_ABRIDGER,EMBED_SPEECH,Lord,"HIGH",False,"\b(and|now)\s+\w+\s+(said|saith|spake|cr","","And he cried again unto the Lord saying: O Lord, b"
"Ether 3:1",FRAME_MORONI_ABRIDGER,EMBED_SPEECH,,"MEDIUM",True,"\bsaying\s*[:;,]","","And it came to pass that the brother of Jared, (no"
"Ether 3:13",FRAME_MORONI_ABRIDGER,NONE,,"LOW",True,"","\bwhen\s+\w+\s+had\s+(spoken|said|finish","And when he had said these words, behold, the Lord"
"Ether 4:19",FRAME_MORONI_ABRIDGER,NONE,,"LOW",True,"","\bamen\b","And blessed is he that is found faithful unto my n"
"Ether 5:6",FRAME_MORONI_ABRIDGER,NONE,,"LOW",True,"","\bamen\b","And now, if I have no authority for these things, "
"Ether 8:12",FRAME_MORONI_ABRIDGER,EMBED_SPEECH,,"MEDIUM",True,"\band\s+(\w+)\s+said\s+unto\b","","And Jared said unto him: I will give her unto you,"
"Ether 12:23",FRAME_MORONI_ABRIDGER,EMBED_SPEECH,Lord,"HIGH",False,"\band\s+(\w+)\s+said\s+unto\b","","And I said unto him: Lord, the Gentiles will mock "
"Ether 12:26",FRAME_MORONI_ABRIDGER,EMBED_SPEECH,Lord,"HIGH",False,"\bsaying\s*[:;,]","","And when I had said this, the Lord spake unto me, "
"Ether 12:41",FRAME_MORONI_ABRIDGER,NONE,,"LOW",True,"","\bamen\b","And now, I would commend you to seek this Jesus of"
"Ether 15:4",FRAME_MORONI_ABRIDGER,EMBED_DOCUMENT,,"MEDIUM",False,"","","And it came to pass that he wrote an epistle unto "
"Ether 15:5",FRAME_MORONI_ABRIDGER,EMBED_DOCUMENT,,"MEDIUM",False,"","","And it came to pass that when Shiz had received hi"
"Ether 15:18",FRAME_MORONI_ABRIDGER,EMBED_DOCUMENT,,"MEDIUM",False,"","","And it came to pass that Coriantumr wrote again an"
"Ether 15:34",FRAME_MORONI_ABRIDGER,NONE,,"LOW",True,"","\bamen\b","Now the last words which are written by Ether are "
"Moroni 2:2",FRAME_MORONI_AUTHOR,EMBED_SPEECH,,"MEDIUM",True,"\bsaying\s*[:;,]","","And he called them by name, saying: Ye shall call "
"Moroni 3:3",FRAME_MORONI_AUTHOR,NONE,,"LOW",True,"","\bamen\b","In the name of Jesus Christ I ordain you to be a p"
"Moroni 4:2",FRAME_MORONI_AUTHOR,EMBED_SPEECH,,"MEDIUM",True,"\bsaying\s*[:;,]","","And they did kneel down with the church, and pray "
"Moroni 4:3",FRAME_MORONI_AUTHOR,NONE,,"LOW",True,"","\bamen\b","O God, the Eternal Father, we ask thee in the name"
"Moroni 5:2",FRAME_MORONI_AUTHOR,NONE,,"LOW",True,"","\bamen\b","O God, the Eternal Father, we ask thee, in the nam"
"Moroni 7:26",FRAME_MORONI_AUTHOR,EMBED_SPEECH,,"MEDIUM",True,"\bsaying\s*[:;,]","","And after that he came men also were saved by fait"
"Moroni 7:48",FRAME_MORONI_AUTHOR,NONE,,"LOW",True,"","\bamen\b","Wherefore, my beloved brethren, pray unto the Fath"
"Moroni 8:1",FRAME_MORONI_AUTHOR,EMBED_SPEECH,Mormon,"HIGH",False,"\bsaying\s*[:;,]","","An epistle of my father Mormon, written to me, Mor"
"Moroni 8:7",FRAME_MORONI_AUTHOR,EMBED_SPEECH,Lord,"HIGH",False,"\bsaying\s*[:;,]","","For immediately after I had learned these things o"
"Moroni 8:30",FRAME_MORONI_AUTHOR,NONE,,"LOW",True,"","\bamen\b","Farewell, my son, until I shall write unto you, or"
"Moroni 9:26",FRAME_MORONI_AUTHOR,NONE,,"LOW",True,"","\bamen\b","And may the grace of God the Father, whose throne "
"Moroni 10:34",FRAME_MORONI_AUTHOR,NONE,,"LOW",True,"","\bamen\b","And now I bid unto all, farewell. I soon go to res"
